index,signal,time,model,length,stdv
1,143.442,5031.29,TCGGT,0.001,5.91098
2,109.0,5031.29,TCGGT,0.00125,1.61408
3,103.03,5031.29,TCGGT,0.00075,0.777196
4,105.979,5031.29,TCGGT,0.00125,1.12908
5,103.929,5031.29,TCGGT,0.001,0.833263
6,131.979,5031.29,TCGGT,0.0015,4.26646
7,117.715,5031.3,TCGGT,0.00075,5.0032
8,136.894,5031.3,TCGGT,0.00075,1.47057
9,131.8,5031.3,TCGGT,0.00075,2.07138
10,134.632,5031.3,TCGGT,0.001,1.16833
11,135.36,5031.3,TCGGT,0.00125,2.33429
12,122.569,5031.3,TCGGT,0.00075,1.88758
13,117.475,5031.3,TCGGT,0.00075,0.471304
14,127.005,5031.3,TCGGT,0.00075,6.44189
15,116.096,5031.3,TCGGT,0.00075,0.884946
16,127.799,5031.3,TCGGT,0.001,3.02309
17,139.232,5031.3,TCGGT,0.00075,1.94917
18,128.803,5031.3,TCGGT,0.00075,1.56962
19,119.393,5031.31,TCGGT,0.001,2.46859
20,118.404,5031.31,TCGGT,0.001,5.73495
21,93.6802,5031.31,TCGGT,0.00075,1.1743
22,97.0246,5031.31,TCGGT,0.00125,3.55574
23,124.832,5031.31,TCGGT,0.001,0.807592
24,120.876,5031.31,TCGGT,0.001,4.80535
25,96.9617,5031.31,TCGGT,0.001,1.85713
26,93.3565,5031.31,TCGGT,0.0025,1.58784
27,130.361,5031.31,TCGGT,0.00075,4.45063
28,142.696,5031.32,TCGGT,0.00125,1.55372
29,135.516,5031.32,TCGGT,0.00075,1.79408
30,129.237,5031.32,TCGGT,0.001,0.603052
31,111.721,5031.32,TCGGT,0.0015,1.56322
32,105.413,5031.32,TCGGT,0.001,2.77803
33,93.6202,5031.32,TCGGT,0.0015,2.09365
34,131.02,5031.32,TCGGT,0.00075,2.223
35,133.13,5031.32,TCGGT,0.00125,1.80786
36,134.856,5031.32,TCGGT,0.0015,1.18819
37,134.065,5031.33,TCGGT,0.00125,1.72667
38,133.283,5031.33,TCGGT,0.002,2.42678
39,124.535,5031.33,TCGGT,0.00125,2.28179
40,128.083,5031.33,TCGGT,0.00075,1.63704
41,110.897,5031.33,TCGGT,0.001,0.560025
42,109.264,5031.33,TCGGT,0.00075,0.859921
43,134.796,5031.33,TCGGT,0.00075,6.57278
44,110.622,5031.33,TCGGT,0.00225,1.31785
45,138.416,5031.34,TCGGT,0.00125,6.65952
46,135.935,5031.34,TCGGT,0.00125,2.1483
47,107.84,5031.34,TCGGT,0.002,2.02778
48,134.605,5031.34,TCGGT,0.00125,0.51455
49,133.957,5031.34,TCGGT,0.0015,0.649881
50,136.706,5031.34,TCGGT,0.00175,1.40197
51,121.281,5031.34,TCGGT,0.001,3.37949
52,118.098,5031.35,TCGGT,0.00125,0.791611
53,127.125,5031.35,TCGGT,0.0015,1.44198
54,127.694,5031.35,TCGGT,0.0015,3.0959
55,137.239,5031.35,TCGGT,0.001,1.0965
56,129.912,5031.35,TCGGT,0.001,3.0687
57,110.546,5031.35,TCGGT,0.00125,2.11341
58,113.879,5031.35,TCGGT,0.00075,0.753002
59,110.043,5031.35,TCGGT,0.00075,1.76175
60,112.992,5031.35,TCGGT,0.00125,1.40469
61,113.399,5031.36,TCGGT,0.0015,3.62551
62,146.064,5031.36,TCGGT,0.00075,2.85211
63,138.524,5031.36,TCGGT,0.0025,1.11172
64,151.519,5031.36,TCGGT,0.00075,0.692697
65,132.249,5031.36,TCGGT,0.001,1.97201
66,120.412,5031.36,TCGGT,0.00075,1.61716
67,114.512,5031.36,TCGGT,0.00175,1.63808
68,111.099,5031.37,TCGGT,0.002,1.68559
69,106.344,5031.37,TCGGT,0.00175,2.25367
70,113.369,5031.37,TCGGT,0.001,10.9569
71,157.944,5031.37,TCGGT,0.00125,0.849101
72,150.38,5031.37,TCGGT,0.00075,2.49726
73,132.788,5031.37,TCGGT,0.001,2.89217
74,124.787,5031.37,TCGGT,0.00125,2.82483
75,127.964,5031.37,TCGGT,0.00075,0.808182
76,132.039,5031.37,TCGGT,0.00075,2.39173
77,142.168,5031.38,TCGGT,0.00075,1.44793
78,137.104,5031.38,TCGGT,0.001,3.33147
79,121.491,5031.38,TCGGT,0.0015,1.03624
80,115.017,5031.38,TCGGT,0.00075,0.69339
81,118.494,5031.38,TCGGT,0.001,1.48848
82,109.067,5031.38,TCGGT,0.00175,2.14683
83,111.841,5031.38,TCGGT,0.002,0.960359
84,116.291,5031.38,TCGGT,0.001,1.72667
85,118.134,5031.39,TCGGT,0.001,1.74794
86,128.293,5031.39,TCGGT,0.002,1.98191
87,134.964,5031.39,TCGGT,0.00125,2.32077
88,116.444,5031.39,TCGGT,0.00125,0.540952
89,114.118,5031.39,TCGGT,0.00075,1.22222
90,118.026,5031.39,TCGGT,0.00125,0.955526
91,115.407,5031.39,TCGGT,0.0015,1.59976
92,133.013,5031.39,TCGGT,0.001,3.67461
93,112.111,5031.4,TCGGT,0.001,0.642379
94,108.544,5031.4,TCGGT,0.00075,0.944167
95,111.211,5031.4,TCGGT,0.0015,2.48446
96,125.551,5031.4,TCGGT,0.001,3.84465
97,137.05,5031.4,TCGGT,0.00125,2.03537
98,113.954,5031.4,TCGGT,0.001,4.00119
99,114.358,5031.4,TCGGT,0.001,0.890249
100,109.719,5031.4,TCGGT,0.00125,1.25828
101,126.477,5031.4,TCGGT,0.00125,2.82829
102,119.842,5031.41,TCGGT,0.001,5.82846
103,128.533,5031.41,TCGGT,0.0015,1.7809
104,137.661,5031.41,TCGGT,0.00125,1.09471
105,116.588,5031.41,TCGGT,0.00125,1.35826
106,109.896,5031.41,TCGGT,0.00275,1.33001
107,103.929,5031.41,TCGGT,0.00075,0.640356
108,108.784,5031.41,TCGGT,0.0015,0.911254
109,104.716,5031.42,TCGGT,0.002,8.23244
110,147.083,5031.42,TCGGT,0.0015,4.1302
111,126.477,5031.42,TCGGT,0.00125,1.31415
112,121.311,5031.42,TCGGT,0.00075,1.50657
113,111.206,5031.42,TCGGT,0.00425,2.28617
114,151.893,5031.43,TCGGT,0.002,3.29581
115,148.666,5031.43,TCGGT,0.00125,3.78618
116,152.118,5031.43,TCGGT,0.001,0.709542
117,120.328,5031.43,TCGGT,0.00125,3.40284
118,114.358,5031.43,TCGGT,0.00075,0.640398
119,117.155,5031.43,TCGGT,0.00225,4.12745
120,144.746,5031.43,TCGGT,0.00075,2.60952
121,127.268,5031.43,TCGGT,0.00125,2.07353
122,122.929,5031.44,TCGGT,0.00075,2.13946
123,123.438,5031.44,TCGGT,0.0015,3.54761
124,109.812,5031.44,TCGGT,0.00175,1.37161
125,121.263,5031.44,TCGGT,0.00125,1.28474
126,109.204,5031.44,TCGGT,0.00075,2.00391
127,120.337,5031.44,TCGGT,0.001,3.0391
128,137.404,5031.44,TCGGT,0.0015,2.45083
129,117.355,5031.44,TCGGT,0.00075,1.6103
130,115.149,5031.44,TCGGT,0.00125,1.00142
131,113.207,5031.45,TCGGT,0.00125,1.09448
132,110.618,5031.45,TCGGT,0.00125,0.766685
133,107.57,5031.45,TCGGT,0.001,1.08929
134,104.648,5031.45,TCGGT,0.00075,0.77686
135,99.3141,5031.45,TCGGT,0.00075,1.82373
136,108.733,5031.45,TCGGT,0.00175,2.80156
137,123.408,5031.45,TCGGT,0.00075,1.11193
138,139.262,5031.45,TCGGT,0.001,2.79861
139,138.767,5031.45,TCGGT,0.001,0.946691
140,137.23,5031.46,TCGGT,0.00125,0.69426
141,117.132,5031.46,TCGGT,0.00175,3.17014
142,134.916,5031.46,TCGGT,0.00075,3.23433
143,140.026,5031.46,TCGGT,0.001,3.84465
144,118.808,5031.46,TCGGT,0.001,2.69233
145,118.699,5031.46,TCGGT,0.00175,1.02374
146,116.696,5031.46,TCGGT,0.00075,1.55372
147,118.17,5031.46,TCGGT,0.00125,1.32354
148,141.809,5031.47,TCGGT,0.00075,0.448524
149,143.787,5031.47,TCGGT,0.00075,0.897856
150,140.841,5031.47,TCGGT,0.00175,3.56233
151,128.428,5031.47,TCGGT,0.001,2.3696
152,130.945,5031.47,TCGGT,0.001,0.408308
153,127.08,5031.47,TCGGT,0.001,1.65485
154,139.921,5031.47,TCGGT,0.0015,1.50564
155,131.305,5031.47,TCGGT,0.001,0.6993
156,133.036,5031.47,TCGGT,0.002,0.721337
157,114.201,5031.48,TCGGT,0.002,2.60962
158,114.718,5031.48,TCGGT,0.001,0.762862
159,130.226,5031.48,TCGGT,0.001,3.28466
160,133.957,5031.48,TCGGT,0.001,2.24986
161,114.493,5031.48,TCGGT,0.001,0.996292
162,119.393,5031.48,TCGGT,0.001,5.72985
163,155.498,5031.48,TCGGT,0.00125,1.73364
164,123.558,5031.48,TCGGT,0.0015,3.13234
165,133.897,5031.49,TCGGT,0.00075,3.17061
166,144.274,5031.49,TCGGT,0.002,0.7185
167,129.513,5031.49,TCGGT,0.00175,1.36206
168,126.106,5031.49,TCGGT,0.00075,1.7203
169,130.841,5031.49,TCGGT,0.00075,0.661009
170,123.528,5031.49,TCGGT,0.0015,2.42359
171,145.429,5031.49,TCGGT,0.00125,3.81013
172,141.03,5031.49,TCGGT,0.00075,2.87093
173,143.559,5031.5,TCGGT,0.00125,1.44086
174,144.386,5031.5,TCGGT,0.001,1.60791
175,145.375,5031.5,TCGGT,0.002,0.610668
176,113.399,5031.5,TCGGT,0.00075,1.19596
177,111.241,5031.5,TCGGT,0.00075,0.834813
178,131.71,5031.5,TCGGT,0.001,2.21819
179,136.235,5031.5,TCGGT,0.00075,0.692809
180,118.17,5031.5,TCGGT,0.00125,3.30663
181,103.689,5031.5,TCGGT,0.00075,1.47771
182,91.3127,5031.5,TCGGT,0.0015,2.28476
183,136.754,5031.51,TCGGT,0.00225,2.80619
184,126.495,5031.51,TCGGT,0.001,1.98005
185,120.998,5031.51,TCGGT,0.0035,1.93108
186,105.548,5031.51,TCGGT,0.0015,3.30088
187,118.089,5031.51,TCGGT,0.001,0.954636
188,136.025,5031.52,TCGGT,0.001,4.64444
189,117.115,5031.52,TCGGT,0.00075,0.592836
190,119.513,5031.52,TCGGT,0.00075,0.592825
191,113.387,5031.52,TCGGT,0.00125,2.15942
192,105.09,5031.52,TCGGT,0.00275,3.49622
193,137.517,5031.52,TCGGT,0.00125,1.62611
194,115.677,5031.52,TCGGT,0.003,2.24017
195,152.118,5031.53,TCGGT,0.00125,5.89055
196,156.865,5031.53,TCGGT,0.00125,1.57792
197,154.695,5031.53,TCGGT,0.00075,2.37822
198,156.074,5031.53,TCGGT,0.00125,2.19882
199,155.354,5031.53,TCGGT,0.001,2.72374
200,136.654,5031.53,TCGGT,0.00125,2.81115
201,114.763,5031.53,TCGGT,0.001,2.78957
202,109.473,5031.53,TCGGT,0.0015,0.937156
203,110.38,5031.54,TCGGT,0.002,1.36461
204,106.267,5031.54,TCGGT,0.001,0.660966
205,100.179,5031.54,TCGGT,0.00175,5.01936
206,132.735,5031.54,TCGGT,0.00125,3.08155
207,114.949,5031.54,TCGGT,0.00175,1.79199
208,125.326,5031.54,TCGGT,0.002,1.42469
209,126.525,5031.55,TCGGT,0.00075,0.592795
210,133.418,5031.55,TCGGT,0.00075,1.25383
211,132.384,5031.55,TCGGT,0.001,0.514504
212,123.214,5031.55,TCGGT,0.001,2.10615
213,139.891,5031.55,TCGGT,0.00075,1.90819
214,117.081,5031.55,TCGGT,0.00175,2.92055
215,124.391,5031.55,TCGGT,0.00125,8.59956
216,118.973,5031.55,TCGGT,0.00075,0.69381
217,117.295,5031.55,TCGGT,0.00075,0.084763
218,118.913,5031.55,TCGGT,0.00075,0.472579
219,133.867,5031.55,TCGGT,0.001,3.39887
220,125.326,5031.56,TCGGT,0.00075,4.57946
221,133.598,5031.56,TCGGT,0.001,0.404587
222,134.002,5031.56,TCGGT,0.001,1.18933
223,137.973,5031.56,TCGGT,0.00075,2.22298
224,135.785,5031.56,TCGGT,0.0015,1.74091
225,122.225,5031.56,TCGGT,0.002,3.76183
226,148.666,5031.56,TCGGT,0.00125,2.14387
227,137.733,5031.56,TCGGT,0.00275,1.47014
228,135.815,5031.57,TCGGT,0.00075,0.337001
229,137.284,5031.57,TCGGT,0.001,2.00804
230,125.398,5031.57,TCGGT,0.00125,1.68883
231,125.626,5031.57,TCGGT,0.0015,1.87638
232,120.369,5031.57,TCGGT,0.00175,1.57911
233,135.319,5031.57,TCGGT,0.00175,2.47425
234,123.289,5031.57,TCGGT,0.00075,1.17782
235,119.932,5031.58,TCGGT,0.00075,1.02798
236,107.597,5031.58,TCGGT,0.00125,1.57011
237,106.914,5031.58,TCGGT,0.00125,2.1079
238,99.434,5031.58,TCGGT,0.00125,0.9101
239,101.502,5031.58,TCGGT,0.001,0.411051
240,136.505,5031.58,TCGGT,0.0015,5.10635
241,140.116,5031.58,TCGGT,0.001,2.30001
242,123.139,5031.58,TCGGT,0.0015,3.06291
243,133.118,5031.58,TCGGT,0.00075,6.90848
244,123.241,5031.59,TCGGT,0.00125,1.8881
245,124.607,5031.59,TCGGT,0.00125,1.20903
246,117.55,5031.59,TCGGT,0.001,3.75107
247,101.34,5031.59,TCGGT,0.00125,1.78926
248,97.3123,5031.59,TCGGT,0.00125,1.22164
249,94.6991,5031.59,TCGGT,0.00075,0.610838
250,96.0177,5031.59,TCGGT,0.00075,0.255244
251,94.7141,5031.59,TCGGT,0.001,1.0355
252,105.008,5031.59,TCGGT,0.00225,5.04098
253,155.579,5031.6,TCGGT,0.002,2.07901
254,138.452,5031.6,TCGGT,0.001,3.47748
255,117.99,5031.6,TCGGT,0.00125,3.56972
256,102.79,5031.6,TCGGT,0.00075,3.78697
257,89.9042,5031.6,TCGGT,0.00075,0.734063
258,87.6865,5031.6,TCGGT,0.00075,0.555424
259,94.759,5031.6,TCGGT,0.00075,2.40333
260,126.189,5031.6,TCGGT,0.00125,0.627322
261,129.012,5031.6,TCGGT,0.0015,1.10157
262,131.08,5031.61,TCGGT,0.00075,2.28888
263,112.277,5031.61,TCGGT,0.00175,3.9858
264,134.617,5031.61,TCGGT,0.0015,1.22246
265,123.657,5031.61,TCGGT,0.00175,1.65285
266,137.314,5031.61,TCGGT,0.0015,3.20252
267,133.688,5031.61,TCGGT,0.0015,2.09402
268,114.692,5031.62,TCGGT,0.00175,1.621
269,111.163,5031.62,TCGGT,0.00325,1.09516
270,134.425,5031.62,TCGGT,0.00125,2.95778
271,126.136,5031.62,TCGGT,0.001,1.1959
272,128.923,5031.62,TCGGT,0.001,1.20579
273,138.273,5031.62,TCGGT,0.001,1.36424
274,139.262,5031.62,TCGGT,0.0015,3.23946
275,118.284,5031.63,TCGGT,0.0015,0.889333
276,112.74,5031.63,TCGGT,0.001,5.95539
277,150.619,5031.63,TCGGT,0.0015,7.41189
278,127.304,5031.63,TCGGT,0.00075,0.387595
279,128.323,5031.63,TCGGT,0.00075,0.692867
280,120.052,5031.63,TCGGT,0.00075,0.370296
281,112.969,5031.63,TCGGT,0.00275,2.49635
282,105.577,5031.63,TCGGT,0.0015,1.33103
283,109.084,5031.64,TCGGT,0.00075,1.66946
284,121.77,5031.64,TCGGT,0.00225,3.73124
285,148.522,5031.64,TCGGT,0.00075,0.816494
286,117.487,5031.64,TCGGT,0.00125,1.83218
287,101.118,5031.64,TCGGT,0.00275,6.48686
288,140.574,5031.64,TCGGT,0.00125,1.19416
289,138.153,5031.65,TCGGT,0.00075,1.33268
290,122.809,5031.65,TCGGT,0.00125,2.55034
291,112.355,5031.65,TCGGT,0.00175,1.92326
292,118.733,5031.65,TCGGT,0.00075,1.24887
293,108.844,5031.65,TCGGT,0.00075,1.24863
294,101.562,5031.65,TCGGT,0.0015,2.47276
295,101.016,5031.65,TCGGT,0.00125,4.55373
296,128.765,5031.65,TCGGT,0.002,1.10581
297,131.44,5031.66,TCGGT,0.00125,1.63665
298,142.665,5031.66,TCGGT,0.00175,2.61049
299,128.983,5031.66,TCGGT,0.00075,0.337104
300,124.308,5031.66,TCGGT,0.00075,3.98654
301,133.705,5031.66,TCGGT,0.00125,1.6464
302,121.161,5031.66,TCGGT,0.0015,10.8311
303,136.355,5031.66,TCGGT,0.00075,1.28215
304,140.011,5031.66,TCGGT,0.0015,1.66899
305,121.146,5031.66,TCGGT,0.001,1.14714
306,115.257,5031.67,TCGGT,0.001,1.56725
307,115.886,5031.67,TCGGT,0.001,1.0209
308,137.877,5031.67,TCGGT,0.00125,2.01279
309,132.699,5031.67,TCGGT,0.001,0.890002
310,128.623,5031.67,TCGGT,0.0015,1.08187
311,123.888,5031.67,TCGGT,0.00075,1.63465
312,128.803,5031.67,TCGGT,0.0015,2.17894
313,112.5,5031.67,TCGGT,0.00075,0.884946
314,110.223,5031.67,TCGGT,0.00125,2.11219
315,140.035,5031.68,TCGGT,0.00125,7.17373
316,133.741,5031.68,TCGGT,0.00125,0.572419
317,135.695,5031.68,TCGGT,0.00075,0.954502
318,134.533,5031.68,TCGGT,0.00125,1.00693
319,137.074,5031.68,TCGGT,0.00075,0.944613
320,134.362,5031.68,TCGGT,0.001,1.49597
321,131.5,5031.68,TCGGT,0.0015,0.554618
322,128.383,5031.68,TCGGT,0.00125,2.62784
323,117.819,5031.68,TCGGT,0.001,1.08186
324,128.788,5031.69,TCGGT,0.001,3.23734
325,127.784,5031.69,TCGGT,0.00075,0.739384
326,129.522,5031.69,TCGGT,0.00075,0.739831
327,144.386,5031.69,TCGGT,0.00075,2.65456
328,127.095,5031.69,TCGGT,0.0015,0.86493
329,137.985,5031.69,TCGGT,0.00125,1.4946
330,141.06,5031.69,TCGGT,0.001,0.630184
331,125.746,5031.69,TCGGT,0.0015,1.55624
332,118.442,5031.69,TCGGT,0.00175,2.55313
333,114.043,5031.7,TCGGT,0.001,1.0126
334,112.8,5031.7,TCGGT,0.0015,1.0719
335,110.582,5031.7,TCGGT,0.00125,1.57187
336,114.088,5031.7,TCGGT,0.0015,1.27917
337,129.147,5031.7,TCGGT,0.001,2.11417
338,139.28,5031.7,TCGGT,0.0025,1.964
339,124.008,5031.7,TCGGT,0.00225,2.61385
340,106.896,5031.71,TCGGT,0.001,1.99214
341,115.797,5031.71,TCGGT,0.00075,2.29329
342,104.229,5031.71,TCGGT,0.00225,2.57377
343,109.431,5031.71,TCGGT,0.00125,1.14598
344,112.74,5031.71,TCGGT,0.00075,0.762488
345,142.984,5031.71,TCGGT,0.00125,1.91803
346,112.92,5031.71,TCGGT,0.001,4.09045
347,113.639,5031.72,TCGGT,0.00075,1.16504
348,106.626,5031.72,TCGGT,0.001,3.35669
349,142.228,5031.72,TCGGT,0.001,0.751469
350,117.715,5031.72,TCGGT,0.00075,3.60921
351,101.352,5031.72,TCGGT,0.00075,2.80998
352,132.306,5031.72,TCGGT,0.00275,3.17929
353,120.172,5031.72,TCGGT,0.00075,0.808582
354,113.202,5031.72,TCGGT,0.00175,1.53427
355,115.549,5031.72,TCGGT,0.002,1.60061
356,132.384,5031.73,TCGGT,0.001,0.99658
357,116.853,5031.73,TCGGT,0.002,1.0029
358,113.998,5031.73,TCGGT,0.00125,0.727689
359,112.29,5031.73,TCGGT,0.001,1.80021
360,111.558,5031.73,TCGGT,0.00175,1.3825
361,117.73,5031.73,TCGGT,0.001,1.07374
362,120.157,5031.73,TCGGT,0.002,2.81552
363,137.463,5031.74,TCGGT,0.001,3.07371
364,121.73,5031.74,TCGGT,0.001,2.26363
365,112.92,5031.74,TCGGT,0.001,1.90693
366,113.279,5031.74,TCGGT,0.001,1.29053
367,116.875,5031.74,TCGGT,0.001,0.336393
368,117.834,5031.74,TCGGT,0.0015,1.53881
369,110.248,5031.74,TCGGT,0.00175,1.15873
370,109.204,5031.75,TCGGT,0.0015,1.5031
371,120.352,5031.75,TCGGT,0.00075,3.24763
372,137.553,5031.75,TCGGT,0.00125,6.23694
373,103.48,5031.75,TCGGT,0.001,5.78396
374,102.109,5031.75,TCGGT,0.002,7.86671
375,144.458,5031.75,TCGGT,0.00125,3.67397
376,124.188,5031.75,TCGGT,0.00075,0.932725
377,121.55,5031.75,TCGGT,0.00125,2.65484
378,110.852,5031.75,TCGGT,0.001,0.747082
379,113.399,5031.76,TCGGT,0.00075,1.77597
380,106.357,5031.76,TCGGT,0.001,1.64072
381,104.888,5031.76,TCGGT,0.00225,2.77259
382,112.26,5031.76,TCGGT,0.00075,0.662014
383,110.87,5031.76,TCGGT,0.00125,0.678523
384,114.838,5031.76,TCGGT,0.00075,0.304657
385,112.92,5031.76,TCGGT,0.00125,1.097
386,112.29,5031.76,TCGGT,0.002,2.09696
387,106.626,5031.77,TCGGT,0.00125,1.04845
388,117.312,5031.77,TCGGT,0.00175,1.1689
389,144.926,5031.77,TCGGT,0.00125,2.21431
390,136.115,5031.77,TCGGT,0.001,1.46006
391,120.292,5031.77,TCGGT,0.0015,2.23385
392,101.879,5031.77,TCGGT,0.00125,2.71177
393,130.601,5031.77,TCGGT,0.00075,4.27113
394,135.955,5031.77,TCGGT,0.00225,5.04771
395,108.379,5031.78,TCGGT,0.001,3.47808
396,109.683,5031.78,TCGGT,0.0015,1.57457
397,119.321,5031.78,TCGGT,0.00125,8.33859
398,118.961,5031.78,TCGGT,0.00125,4.84158
399,139.396,5031.78,TCGGT,0.001,1.49021
400,128.113,5031.78,TCGGT,0.001,0.929711
401,129.147,5031.78,TCGGT,0.001,1.18102
402,134.092,5031.78,TCGGT,0.001,1.75487
403,136.834,5031.79,TCGGT,0.001,1.38735
404,118.781,5031.79,TCGGT,0.00125,4.54257
405,104.604,5031.79,TCGGT,0.001,1.04343
406,101.921,5031.79,TCGGT,0.0015,1.65275
407,95.4782,5031.79,TCGGT,0.00075,1.54677
408,107.226,5031.79,TCGGT,0.00075,2.38682
409,97.2763,5031.79,TCGGT,0.00125,1.73231
410,106.694,5031.79,TCGGT,0.002,2.02232
411,141.689,5031.8,TCGGT,0.00125,1.61654
412,138.992,5031.8,TCGGT,0.00075,2.47006
413,142.049,5031.8,TCGGT,0.002,1.4099
414,134.137,5031.8,TCGGT,0.00075,2.27945
415,126.225,5031.8,TCGGT,0.00125,1.48696
416,131.74,5031.8,TCGGT,0.00075,1.19516
417,128.923,5031.8,TCGGT,0.001,1.94882
418,110.51,5031.8,TCGGT,0.00125,3.32262
419,120.651,5031.8,TCGGT,0.001,6.067
420,108.964,5031.81,TCGGT,0.00075,0.77686
421,106.123,5031.81,TCGGT,0.00125,1.91122
422,107.256,5031.81,TCGGT,0.001,1.82253
423,126.909,5031.81,TCGGT,0.00125,3.79129
424,127.08,5031.81,TCGGT,0.001,0.954636
425,123.608,5031.81,TCGGT,0.00225,1.51626
426,129.39,5031.81,TCGGT,0.0025,5.13898
427,138.213,5031.82,TCGGT,0.00075,2.50185
428,127.694,5031.82,TCGGT,0.0015,0.745045
429,126.225,5031.82,TCGGT,0.001,0.380799
430,127.458,5031.82,TCGGT,0.00175,1.1905
431,128.226,5031.82,TCGGT,0.002,1.4841
432,138.572,5031.82,TCGGT,0.00075,5.2225
433,126.181,5031.82,TCGGT,0.001,1.03538
434,133.688,5031.82,TCGGT,0.001,4.39049
435,126.967,5031.83,TCGGT,0.002,1.16334
436,135.755,5031.83,TCGGT,0.00075,0.509927
437,137.158,5031.83,TCGGT,0.00125,0.877418
438,132.833,5031.83,TCGGT,0.001,2.77504
439,111.721,5031.83,TCGGT,0.00075,0.72382
440,115.689,5031.83,TCGGT,0.00125,1.25931
441,114.088,5031.83,TCGGT,0.001,1.88822
442,130.841,5031.83,TCGGT,0.0015,3.07006
443,130.037,5031.83,TCGGT,0.00125,0.636624
444,117.954,5031.84,TCGGT,0.00125,2.30828
445,136.325,5031.84,TCGGT,0.0015,1.81367
446,116.3,5031.84,TCGGT,0.00125,1.38054
447,114.718,5031.84,TCGGT,0.00125,2.48637
448,112.245,5031.84,TCGGT,0.001,2.3732
449,101.951,5031.84,TCGGT,0.001,3.34227
450,107.615,5031.84,TCGGT,0.001,0.997292
451,109.575,5031.84,TCGGT,0.00125,1.2434
452,115.227,5031.85,TCGGT,0.0015,0.69982
453,129.642,5031.85,TCGGT,0.00175,1.80601
454,141.359,5031.85,TCGGT,0.0015,1.99278
455,129.342,5031.85,TCGGT,0.00075,1.36364
456,130.781,5031.85,TCGGT,0.00075,0.932393
457,124.248,5031.85,TCGGT,0.0015,5.24937
458,145.135,5031.85,TCGGT,0.0015,3.34874
459,109.413,5031.85,TCGGT,0.002,6.17724
460,135.261,5031.86,TCGGT,0.001,2.34893
461,133.208,5031.86,TCGGT,0.0015,0.838834
462,143.127,5031.86,TCGGT,0.00125,1.67573
463,125.266,5031.86,TCGGT,0.00075,1.24888
464,137.589,5031.86,TCGGT,0.00125,3.84223
465,114.933,5031.86,TCGGT,0.00125,3.88391
466,143.487,5031.86,TCGGT,0.00075,2.42605
467,114.25,5031.86,TCGGT,0.00125,6.60622
468,143.847,5031.87,TCGGT,0.00075,0.963476
469,138.273,5031.87,TCGGT,0.00075,0.530665
470,118.194,5031.87,TCGGT,0.00075,0.515007
471,115.916,5031.87,TCGGT,0.00075,1.10191
472,118.709,5031.87,TCGGT,0.00125,1.59777
473,135.755,5031.87,TCGGT,0.002,2.19817
474,117.954,5031.87,TCGGT,0.00075,1.91983
475,141.74,5031.87,TCGGT,0.00175,4.89004
476,119.609,5031.87,TCGGT,0.00125,1.3136
477,118.988,5031.88,TCGGT,0.001,1.5064
478,116.228,5031.88,TCGGT,0.00125,0.476714
479,129.057,5031.88,TCGGT,0.001,3.81113
480,127.784,5031.88,TCGGT,0.00075,0.677621
481,130.571,5031.88,TCGGT,0.0015,1.05571
482,129.522,5031.88,TCGGT,0.00075,0.516864
483,130.027,5031.88,TCGGT,0.00175,2.98656
484,118.988,5031.88,TCGGT,0.001,1.50117
485,138.093,5031.88,TCGGT,0.00075,0.89224
486,137.598,5031.89,TCGGT,0.002,3.13852
487,121.071,5031.89,TCGGT,0.00075,0.808965
488,136.774,5031.89,TCGGT,0.00075,1.76989
489,124.382,5031.89,TCGGT,0.001,2.25771
490,106.806,5031.89,TCGGT,0.00125,0.672538
491,104.073,5031.89,TCGGT,0.00125,0.846437
492,117.894,5031.89,TCGGT,0.00075,1.33215
493,128.923,5031.89,TCGGT,0.00125,4.02205
494,118.808,5031.89,TCGGT,0.001,5.22281
495,138.363,5031.9,TCGGT,0.001,2.45763
496,139.351,5031.9,TCGGT,0.0025,4.00205
497,121.64,5031.9,TCGGT,0.001,2.62259
498,105.727,5031.9,TCGGT,0.001,1.17204
499,89.7543,5031.9,TCGGT,0.0015,4.40492
500,110.987,5031.9,TCGGT,0.001,2.11763
501,118.359,5031.9,TCGGT,0.001,1.88733
502,131.17,5031.9,TCGGT,0.001,1.73576
503,134.946,5031.91,TCGGT,0.001,2.27642
504,100.539,5031.91,TCGGT,0.00175,3.44061
505,128.275,5031.91,TCGGT,0.00125,4.327
506,137.517,5031.91,TCGGT,0.00125,2.73719
507,112.268,5031.91,TCGGT,0.002,1.71759
508,140.85,5031.91,TCGGT,0.00075,0.809466
509,111.062,5031.91,TCGGT,0.00225,4.38729
510,115.689,5031.92,TCGGT,0.00125,3.32062
511,130.301,5031.92,TCGGT,0.00075,1.75153
512,122.342,5031.92,TCGGT,0.00125,1.51137
513,133.752,5031.92,TCGGT,0.00175,1.13081
514,125.821,5031.92,TCGGT,0.001,2.01572
515,156.68,5031.92,TCGGT,0.002,1.56
516,152.957,5031.92,TCGGT,0.00075,0.305618
517,153.813,5031.92,TCGGT,0.00175,3.41674
518,136.182,5031.93,TCGGT,0.002,3.10796
519,113.819,5031.93,TCGGT,0.0015,1.23742
520,117.774,5031.93,TCGGT,0.0015,1.9171
521,137.014,5031.93,TCGGT,0.00075,0.529345
522,136.43,5031.93,TCGGT,0.001,3.55193
523,121.55,5031.93,TCGGT,0.00125,1.54677
524,117.055,5031.93,TCGGT,0.00075,2.59727
525,108.574,5031.93,TCGGT,0.0015,1.34292
526,104.499,5031.94,TCGGT,0.0015,2.26353
527,109.234,5031.94,TCGGT,0.001,1.55446
528,115.137,5031.94,TCGGT,0.0015,1.25688
529,107.211,5031.94,TCGGT,0.001,1.7499
530,113.429,5031.94,TCGGT,0.0015,2.57115
531,107.525,5031.94,TCGGT,0.00075,1.41601
532,109.791,5031.94,TCGGT,0.00125,0.969137
533,111.697,5031.94,TCGGT,0.00125,3.75524
534,132.087,5031.95,TCGGT,0.0025,3.74765
535,118.709,5031.95,TCGGT,0.00125,2.60411
536,136.367,5031.95,TCGGT,0.00125,4.24073
537,132.204,5031.95,TCGGT,0.001,0.602255
538,116.156,5031.95,TCGGT,0.001,0.943393
539,121.775,5031.95,TCGGT,0.001,1.84826
540,133.538,5031.95,TCGGT,0.00075,0.848424
541,140.574,5031.95,TCGGT,0.00125,2.16149
542,132.591,5031.96,TCGGT,0.00125,2.44311
543,129.762,5031.96,TCGGT,0.00075,0.612307
544,127.184,5031.96,TCGGT,0.00075,1.31562
545,129.582,5031.96,TCGGT,0.00075,0.754258
546,122.963,5031.96,TCGGT,0.00175,1.7628
547,133.7,5031.96,TCGGT,0.00175,4.05493
548,114.628,5031.96,TCGGT,0.001,1.54924
549,111.841,5031.96,TCGGT,0.00075,1.80391
550,115.572,5031.96,TCGGT,0.002,1.73576
551,125.207,5031.97,TCGGT,0.00075,3.87698
552,108.464,5031.97,TCGGT,0.00225,2.8965
553,132.339,5031.97,TCGGT,0.002,2.51571
554,132.806,5031.97,TCGGT,0.00125,1.67777
555,126.855,5031.97,TCGGT,0.001,3.07373
556,129.534,5031.97,TCGGT,0.00125,4.59634
557,134.257,5031.98,TCGGT,0.0015,0.621083
558,124.607,5031.98,TCGGT,0.001,0.492424
559,123.297,5031.98,TCGGT,0.00175,1.21431
560,105.224,5031.98,TCGGT,0.00125,2.84842
561,150.185,5031.98,TCGGT,0.001,9.37115
562,152.882,5031.98,TCGGT,0.001,0.428818
563,153.257,5031.98,TCGGT,0.0015,3.49822
564,135.096,5031.98,TCGGT,0.00075,3.00996
565,118.359,5031.99,TCGGT,0.001,2.91696
566,106.087,5031.99,TCGGT,0.001,4.39332
567,109.606,5031.99,TCGGT,0.00175,1.04771
568,111.032,5031.99,TCGGT,0.001,2.21145
569,131.755,5031.99,TCGGT,0.001,1.79555
570,145.105,5031.99,TCGGT,0.00075,0.893853
571,115.473,5031.99,TCGGT,0.00125,4.42402
572,106.164,5031.99,TCGGT,0.00175,6.51071
573,135.441,5031.99,TCGGT,0.002,1.95671
574,146.454,5032.0,TCGGT,0.001,0.516464
575,143.262,5032.0,TCGGT,0.001,2.33212
576,129.462,5032.0,TCGGT,0.00175,2.07524
577,138.273,5032.0,TCGGT,0.001,2.55913
578,121.73,5032.0,TCGGT,0.00075,1.52572
579,119.078,5032.0,TCGGT,0.001,0.514499
580,120.0,5032.0,TCGGT,0.002,1.84467
581,118.083,5032.01,TCGGT,0.00175,1.75853
582,109.323,5032.01,TCGGT,0.00325,1.48755
583,105.188,5032.01,TCGGT,0.00175,1.8082
584,108.227,5032.01,TCGGT,0.0025,1.66232
585,154.096,5032.01,TCGGT,0.001,8.84618
586,141.509,5032.02,TCGGT,0.00275,1.98773
587,127.664,5032.02,TCGGT,0.00075,1.20198
588,122.749,5032.02,TCGGT,0.00225,1.70153
589,118.733,5032.02,TCGGT,0.00075,0.471297
590,116.201,5032.02,TCGGT,0.001,0.884812
591,120.615,5032.02,TCGGT,0.00125,0.774876
592,118.194,5032.02,TCGGT,0.00075,0.860245
593,122.18,5032.02,TCGGT,0.0015,1.64725
594,119.273,5032.03,TCGGT,0.00075,0.224262
595,116.756,5032.03,TCGGT,0.00075,1.19597
596,120.112,5032.03,TCGGT,0.001,1.69167
597,115.857,5032.03,TCGGT,0.00075,0.515018
598,112.32,5032.03,TCGGT,0.00075,0.999336
599,116.208,5032.03,TCGGT,0.00175,0.77961
600,142.168,5032.03,TCGGT,0.00075,0.692765
601,143.427,5032.03,TCGGT,0.00075,0.305618
602,134.017,5032.03,TCGGT,0.00075,1.72089
603,114.743,5032.03,TCGGT,0.00175,4.15776
604,97.3482,5032.04,TCGGT,0.00125,2.52922
605,116.651,5032.04,TCGGT,0.001,0.712489
606,122.21,5032.04,TCGGT,0.00075,2.20396
607,135.845,5032.04,TCGGT,0.001,1.50638
608,116.875,5032.04,TCGGT,0.00125,3.26638
609,116.875,5032.04,TCGGT,0.001,1.57268
610,127.664,5032.04,TCGGT,0.0015,8.96166
611,134.766,5032.04,TCGGT,0.0015,2.96321
612,111.451,5032.05,TCGGT,0.0015,1.05558
613,93.4404,5032.05,TCGGT,0.00075,2.72429
614,123.924,5032.05,TCGGT,0.00125,2.16198
615,127.484,5032.05,TCGGT,0.001,3.41865
616,142.408,5032.05,TCGGT,0.0015,1.19661
617,132.519,5032.05,TCGGT,0.0025,1.81798
618,133.148,5032.05,TCGGT,0.001,1.1544
619,112.527,5032.05,TCGGT,0.00275,1.64045
620,98.5949,5032.06,TCGGT,0.00075,2.88575
621,104.289,5032.06,TCGGT,0.001,1.2519
622,143.559,5032.06,TCGGT,0.00125,2.75179
623,128.683,5032.06,TCGGT,0.00075,1.64995
624,125.806,5032.06,TCGGT,0.00075,0.808582
625,128.939,5032.06,TCGGT,0.00275,2.05356
626,122.953,5032.06,TCGGT,0.00125,2.31499
627,110.897,5032.07,TCGGT,0.001,2.30057
628,120.741,5032.07,TCGGT,0.001,1.05974
629,132.818,5032.07,TCGGT,0.00075,1.17755
630,134.716,5032.07,TCGGT,0.00225,2.2787
631,108.11,5032.07,TCGGT,0.001,3.68799
632,151.668,5032.07,TCGGT,0.001,1.65984
633,131.106,5032.07,TCGGT,0.00175,3.67303
634,105.967,5032.07,TCGGT,0.0015,4.09844
635,106.986,5032.08,TCGGT,0.001,1.44408
636,129.956,5032.08,TCGGT,0.001,3.01807
637,107.885,5032.08,TCGGT,0.00075,0.639515
638,105.847,5032.08,TCGGT,0.00075,1.61049
639,114.178,5032.08,TCGGT,0.00125,1.16003
640,126.705,5032.08,TCGGT,0.00075,3.13611
641,133.837,5032.08,TCGGT,0.00075,0.835627
642,130.541,5032.08,TCGGT,0.001,1.79358
643,108.245,5032.08,TCGGT,0.00075,0.639513
644,107.885,5032.08,TCGGT,0.001,3.43288
645,126.555,5032.09,TCGGT,0.0015,1.38299
646,130.865,5032.09,TCGGT,0.0025,2.16782
647,132.447,5032.09,TCGGT,0.00125,1.60614
648,120.591,5032.09,TCGGT,0.00075,0.514995
649,122.509,5032.09,TCGGT,0.00075,1.39514
650,120.532,5032.09,TCGGT,0.00075,0.859891
651,131.029,5032.09,TCGGT,0.00175,4.71987
652,114.118,5032.09,TCGGT,0.00075,0.693393
653,112.86,5032.1,TCGGT,0.00075,0.85991
654,115.077,5032.1,TCGGT,0.001,0.814386
655,114.418,5032.1,TCGGT,0.00075,0.72461
656,112.515,5032.1,TCGGT,0.001,1.24151
657,135.875,5032.1,TCGGT,0.0015,2.82872
658,116.141,5032.1,TCGGT,0.003,2.10636
659,122.03,5032.1,TCGGT,0.00075,2.51005
660,108.934,5032.1,TCGGT,0.0015,1.68808
661,138.392,5032.11,TCGGT,0.00075,2.08866
662,134.137,5032.11,TCGGT,0.00075,3.89262
663,119.483,5032.11,TCGGT,0.001,0.929486
664,126.945,5032.11,TCGGT,0.00075,0.77686
665,139.441,5032.11,TCGGT,0.001,2.07145
666,119.513,5032.11,TCGGT,0.00075,3.39359
667,107.745,5032.11,TCGGT,0.00225,2.38072
668,115.309,5032.11,TCGGT,0.00175,1.06926
669,110.115,5032.11,TCGGT,0.00125,1.84653
670,109.971,5032.12,TCGGT,0.00125,1.25403
671,118.494,5032.12,TCGGT,0.00125,3.04709
672,130.335,5032.12,TCGGT,0.00175,1.26869
673,124.643,5032.12,TCGGT,0.00125,1.56906
674,123.708,5032.12,TCGGT,0.00125,1.49144
675,135.216,5032.12,TCGGT,0.001,2.90749
676,128.083,5032.12,TCGGT,0.0015,1.63384
677,120.549,5032.12,TCGGT,0.00175,1.12871
678,137.374,5032.13,TCGGT,0.001,1.25222
679,119.501,5032.13,TCGGT,0.00125,1.4856
680,110.736,5032.13,TCGGT,0.00175,2.71564
681,103.929,5032.13,TCGGT,0.00075,0.893323
682,106.147,5032.13,TCGGT,0.00075,0.61079
683,120.532,5032.13,TCGGT,0.00075,4.71931
684,137.086,5032.13,TCGGT,0.00125,1.30888
685,135.986,5032.13,TCGGT,0.00175,3.74084
686,112.41,5032.14,TCGGT,0.0015,1.29419
687,105.393,5032.14,TCGGT,0.00175,0.996291
688,106.367,5032.14,TCGGT,0.00225,1.18988
689,134.16,5032.14,TCGGT,0.002,4.83193
690,116.053,5032.14,TCGGT,0.00175,3.99059
691,119.101,5032.15,TCGGT,0.002,0.823815
692,129.822,5032.15,TCGGT,0.00125,2.13397
693,116.83,5032.15,TCGGT,0.002,2.06149
694,116.935,5032.15,TCGGT,0.0015,1.15432
695,113.998,5032.15,TCGGT,0.001,0.661317
696,130.271,5032.15,TCGGT,0.001,1.73167
697,135.935,5032.15,TCGGT,0.001,4.79599
698,106.986,5032.16,TCGGT,0.002,1.89007
699,103.056,5032.16,TCGGT,0.00175,1.17084
700,141.209,5032.16,TCGGT,0.00075,1.77637
701,140.161,5032.16,TCGGT,0.001,1.63006
702,123.456,5032.16,TCGGT,0.00125,3.63129
703,105.368,5032.16,TCGGT,0.00125,3.42491
704,89.6987,5032.16,TCGGT,0.00175,1.49351
705,87.6266,5032.16,TCGGT,0.00075,0.471465
706,89.7382,5032.17,TCGGT,0.00325,1.66819
707,95.1186,5032.17,TCGGT,0.00125,2.52513
708,135.036,5032.17,TCGGT,0.00075,1.91983
709,135.815,5032.17,TCGGT,0.0015,2.73982
710,144.314,5032.17,TCGGT,0.00125,1.15788
711,131.62,5032.17,TCGGT,0.00075,1.91948
712,126.123,5032.17,TCGGT,0.00175,1.23437
713,130.406,5032.18,TCGGT,0.001,1.0891
714,125.192,5032.18,TCGGT,0.001,0.920665
715,136.774,5032.18,TCGGT,0.00075,2.97418
716,123.408,5032.18,TCGGT,0.00075,3.78698
717,111.866,5032.18,TCGGT,0.00175,4.90965
718,128.72,5032.18,TCGGT,0.004,1.64874
719,154.186,5032.19,TCGGT,0.001,1.61113
720,133.148,5032.19,TCGGT,0.0015,5.20274
721,108.11,5032.19,TCGGT,0.001,4.60073
722,127.484,5032.19,TCGGT,0.00175,1.56727
723,135.627,5032.19,TCGGT,0.00175,1.87007
724,138.722,5032.19,TCGGT,0.001,1.63104
725,139.891,5032.19,TCGGT,0.00075,0.440442
726,137.254,5032.19,TCGGT,0.00075,1.13975
727,141.329,5032.19,TCGGT,0.00125,0.48248
728,114.448,5032.2,TCGGT,0.0015,5.32668
729,115.653,5032.2,TCGGT,0.00125,2.95093
730,135.396,5032.2,TCGGT,0.00075,0.528036
731,136.924,5032.2,TCGGT,0.0015,1.62077
732,125.722,5032.2,TCGGT,0.00125,1.55249
733,127.964,5032.2,TCGGT,0.00075,0.662509
734,126.801,5032.2,TCGGT,0.00125,0.8232
735,141.03,5032.2,TCGGT,0.0015,1.42643
736,140.251,5032.21,TCGGT,0.00075,0.733091
737,135.755,5032.21,TCGGT,0.00075,2.05572
738,117.055,5032.21,TCGGT,0.00125,1.69821
739,115.032,5032.21,TCGGT,0.001,2.33169
740,128.024,5032.21,TCGGT,0.00075,7.72278
741,110.088,5032.21,TCGGT,0.001,2.20733
742,103.677,5032.21,TCGGT,0.00125,1.57392
743,147.758,5032.21,TCGGT,0.001,10.1805
744,151.003,5032.21,TCGGT,0.00125,1.62585
745,136.007,5032.21,TCGGT,0.00125,1.81478
746,128.473,5032.22,TCGGT,0.001,4.48531
747,110.282,5032.22,TCGGT,0.0015,1.37973
748,114.106,5032.22,TCGGT,0.00125,2.29607
749,126.046,5032.22,TCGGT,0.0015,1.75879
750,115.197,5032.22,TCGGT,0.0015,1.14469
751,141.257,5032.22,TCGGT,0.00125,1.65476
752,120.112,5032.22,TCGGT,0.00075,9.54622
753,135.635,5032.22,TCGGT,0.00075,1.1963
754,138.889,5032.23,TCGGT,0.00175,2.32461
755,122.527,5032.23,TCGGT,0.00175,1.42214
756,117.595,5032.23,TCGGT,0.001,2.34077
757,109.818,5032.23,TCGGT,0.002,0.893405
758,118.269,5032.23,TCGGT,0.001,1.13987
759,117.55,5032.23,TCGGT,0.001,3.75322
760,111.541,5032.23,TCGGT,0.00075,1.23101
761,115.572,5032.23,TCGGT,0.001,1.0965
762,110.897,5032.24,TCGGT,0.001,1.15415
763,115.032,5032.24,TCGGT,0.001,1.1881
764,113.459,5032.24,TCGGT,0.0015,0.957102
765,114.918,5032.24,TCGGT,0.00225,1.65786
766,127.484,5032.24,TCGGT,0.0015,2.62416
767,105.338,5032.24,TCGGT,0.0015,3.50117
768,120.951,5032.24,TCGGT,0.00075,3.28403
769,142.109,5032.25,TCGGT,0.00075,4.17648
770,115.976,5032.25,TCGGT,0.001,0.730081
771,126.405,5032.25,TCGGT,0.00075,1.80389
772,131.035,5032.25,TCGGT,0.001,1.42896
773,137.104,5032.25,TCGGT,0.001,1.28723
774,125.386,5032.25,TCGGT,0.00075,2.37348
775,121.431,5032.25,TCGGT,0.0015,1.87038
776,119.258,5032.25,TCGGT,0.001,1.13256
777,118.763,5032.25,TCGGT,0.002,2.15411
778,111.122,5032.26,TCGGT,0.00075,1.20195
779,101.078,5032.26,TCGGT,0.00175,1.16302
780,93.5003,5032.26,TCGGT,0.00075,1.54662
781,95.5861,5032.26,TCGGT,0.00125,1.03327
782,114.898,5032.26,TCGGT,0.00075,5.86517
783,133.478,5032.26,TCGGT,0.00075,0.807741
784,109.611,5032.26,TCGGT,0.00125,3.68432
785,140.52,5032.26,TCGGT,0.001,4.25004
786,115.122,5032.26,TCGGT,0.001,1.02781
787,119.992,5032.26,TCGGT,0.00075,3.08074
788,112.14,5032.27,TCGGT,0.00075,1.24886
789,100.468,5032.27,TCGGT,0.001,3.48063
790,116.815,5032.27,TCGGT,0.0015,2.38021
791,118.494,5032.27,TCGGT,0.00075,0.962403
792,116.396,5032.27,TCGGT,0.00075,1.2227
793,118.461,5032.27,TCGGT,0.00275,1.84923
794,129.882,5032.27,TCGGT,0.00075,1.33214
795,131.125,5032.27,TCGGT,0.001,1.31058
796,132.579,5032.27,TCGGT,0.00075,0.611235
797,128.338,5032.28,TCGGT,0.001,1.99545
798,116.552,5032.28,TCGGT,0.00125,1.55261
799,134.721,5032.28,TCGGT,0.001,3.14375
800,118.314,5032.28,TCGGT,0.00125,2.13653
801,112.44,5032.28,TCGGT,0.00075,2.56957
802,114.538,5032.28,TCGGT,0.00175,0.832351
803,113.144,5032.28,TCGGT,0.001,0.639795
804,117.163,5032.28,TCGGT,0.00125,0.706282
805,119.273,5032.28,TCGGT,0.003,1.47225
806,140.574,5032.29,TCGGT,0.00125,0.756626
807,126.765,5032.29,TCGGT,0.00075,3.05156
808,118.629,5032.29,TCGGT,0.001,0.46596
809,117.415,5032.29,TCGGT,0.00125,1.25064
810,105.548,5032.29,TCGGT,0.00125,1.25609
811,107.094,5032.29,TCGGT,0.00125,2.17129
812,109.812,5032.29,TCGGT,0.00175,5.55263
813,157.872,5032.3,TCGGT,0.00075,1.05792
814,129.616,5032.3,TCGGT,0.00175,1.75508
815,117.595,5032.3,TCGGT,0.001,7.48209
816,151.099,5032.3,TCGGT,0.00075,4.15318
817,136.235,5032.3,TCGGT,0.00075,1.79447
818,140.071,5032.3,TCGGT,0.00075,1.10777
819,136.115,5032.3,TCGGT,0.00175,1.42619
820,139.197,5032.3,TCGGT,0.00175,2.05964
821,117.265,5032.31,TCGGT,0.0015,1.9624
822,109.863,5032.31,TCGGT,0.001,1.49928
823,105.727,5032.31,TCGGT,0.00075,1.78606
824,108.065,5032.31,TCGGT,0.00075,0.387721
825,109.683,5032.31,TCGGT,0.00125,0.692219
826,107.037,5032.31,TCGGT,0.00175,1.76343
827,99.6538,5032.31,TCGGT,0.00225,2.42972
828,111.733,5032.31,TCGGT,0.00125,0.351381
829,128.563,5032.32,TCGGT,0.002,2.36304
830,136.577,5032.32,TCGGT,0.00175,2.3657
831,140.67,5032.32,TCGGT,0.00075,2.12448
832,135.935,5032.32,TCGGT,0.001,0.889423
833,129.39,5032.32,TCGGT,0.00125,1.58627
834,138.093,5032.32,TCGGT,0.00075,0.671734
835,138.684,5032.32,TCGGT,0.00175,0.955234
836,142.888,5032.32,TCGGT,0.00075,0.861088
837,124.355,5032.33,TCGGT,0.00125,3.1219
838,114.394,5032.33,TCGGT,0.00125,1.75219
839,114.808,5032.33,TCGGT,0.001,1.05209
840,103.595,5032.33,TCGGT,0.00175,1.87449
841,108.694,5032.33,TCGGT,0.0015,1.1504
842,117.774,5032.33,TCGGT,0.00125,3.31556
843,118.853,5032.33,TCGGT,0.00225,2.48444
844,144.026,5032.34,TCGGT,0.00125,2.4097
845,131.62,5032.34,TCGGT,0.0015,2.10413
846,116.387,5032.34,TCGGT,0.00175,2.45549
847,128.323,5032.34,TCGGT,0.00075,3.00985
848,123.708,5032.34,TCGGT,0.00075,0.962717
849,125.356,5032.34,TCGGT,0.0015,1.28621
850,122.629,5032.34,TCGGT,0.00075,1.10841
851,124.547,5032.34,TCGGT,0.00075,0.593335
852,122.809,5032.34,TCGGT,0.00075,0.67278
853,129.642,5032.35,TCGGT,0.00075,2.04008
854,134.287,5032.35,TCGGT,0.0015,3.93043
855,113.675,5032.35,TCGGT,0.00125,5.15062
856,143.507,5032.35,TCGGT,0.00225,3.41343
857,111.841,5032.35,TCGGT,0.00075,4.2475
858,141.06,5032.35,TCGGT,0.001,1.71762
859,138.65,5032.35,TCGGT,0.0025,1.96519
860,147.083,5032.36,TCGGT,0.001,0.309626
861,144.823,5032.36,TCGGT,0.00175,3.05264
862,129.246,5032.36,TCGGT,0.00125,1.2628
863,129.417,5032.36,TCGGT,0.001,1.92586
864,120.22,5032.36,TCGGT,0.00125,1.91501
865,132.806,5032.36,TCGGT,0.00125,2.39264
866,116.276,5032.36,TCGGT,0.00075,10.1357
867,132.788,5032.36,TCGGT,0.0015,3.31977
868,145.375,5032.37,TCGGT,0.0015,1.79371
869,128.671,5032.37,TCGGT,0.00125,2.53931
870,125.057,5032.37,TCGGT,0.001,1.26224
871,121.281,5032.37,TCGGT,0.0015,1.85939
872,133.598,5032.37,TCGGT,0.00125,3.12861
873,129.539,5032.37,TCGGT,0.00175,1.30996
874,121.67,5032.37,TCGGT,0.00075,0.084763
875,124.877,5032.37,TCGGT,0.0015,1.43367
876,144.416,5032.38,TCGGT,0.0015,5.96472
877,123.648,5032.38,TCGGT,0.0015,2.00935
878,112.245,5032.38,TCGGT,0.001,3.06038
879,117.523,5032.38,TCGGT,0.00125,1.9586
880,129.432,5032.38,TCGGT,0.003,1.36756
881,128.473,5032.38,TCGGT,0.001,2.02821
882,113.159,5032.39,TCGGT,0.00075,1.42572
883,113.408,5032.39,TCGGT,0.00175,3.30265
884,137.985,5032.39,TCGGT,0.00125,5.05599
885,108.82,5032.39,TCGGT,0.00125,1.23218
886,108.994,5032.39,TCGGT,0.0015,0.420621
887,111.661,5032.39,TCGGT,0.0015,1.32923
888,108.388,5032.39,TCGGT,0.00125,1.54006
889,138.381,5032.39,TCGGT,0.00125,6.04819
890,139.651,5032.4,TCGGT,0.00075,0.369474
891,114.178,5032.4,TCGGT,0.00075,0.441097
892,112.26,5032.4,TCGGT,0.00075,1.10217
893,118.961,5032.4,TCGGT,0.00125,0.9953
894,117.295,5032.4,TCGGT,0.00075,0.610743
895,119.573,5032.4,TCGGT,0.00075,0.387646
896,138.812,5032.4,TCGGT,0.001,2.85739
897,136.475,5032.4,TCGGT,0.002,1.92207
898,134.811,5032.4,TCGGT,0.001,0.514504
899,138.273,5032.4,TCGGT,0.001,0.794676
900,136.403,5032.41,TCGGT,0.00125,1.06965
901,137.589,5032.41,TCGGT,0.00125,1.8902
902,114.598,5032.41,TCGGT,0.0015,1.16825
903,121.73,5032.41,TCGGT,0.0015,1.8568
904,137.949,5032.41,TCGGT,0.00125,2.6972
905,113.954,5032.41,TCGGT,0.001,1.61
906,92.5653,5032.41,TCGGT,0.00125,2.83715
907,89.8903,5032.41,TCGGT,0.00325,2.2408
908,136.726,5032.42,TCGGT,0.00125,5.72398
909,144.026,5032.42,TCGGT,0.00125,1.52148
910,130.757,5032.42,TCGGT,0.00125,1.13344
911,118.202,5032.42,TCGGT,0.002,2.74154
912,109.054,5032.42,TCGGT,0.0015,1.32843
913,102.516,5032.43,TCGGT,0.00175,1.55379
914,93.9319,5032.43,TCGGT,0.00125,5.1018
915,139.531,5032.43,TCGGT,0.001,1.52042
916,140.88,5032.43,TCGGT,0.001,1.699
917,113.189,5032.43,TCGGT,0.0015,2.94872
918,113.699,5032.43,TCGGT,0.00075,0.555823
919,140.857,5032.43,TCGGT,0.002,3.37838
920,119.806,5032.43,TCGGT,0.0025,2.53264
921,109.773,5032.44,TCGGT,0.0015,2.57823
922,113.279,5032.44,TCGGT,0.00125,1.04243
923,113.891,5032.44,TCGGT,0.00125,1.41843
924,100.573,5032.44,TCGGT,0.0015,2.81011
925,107.406,5032.44,TCGGT,0.00075,0.955225
926,138.812,5032.44,TCGGT,0.00125,6.99643
927,121.251,5032.44,TCGGT,0.00075,2.48428
928,112.98,5032.45,TCGGT,0.00075,1.2227
929,115.167,5032.45,TCGGT,0.001,0.789183
930,116.875,5032.45,TCGGT,0.00075,0.388433
931,114.673,5032.45,TCGGT,0.001,0.514499
932,134.599,5032.45,TCGGT,0.00175,3.51002
933,112.86,5032.45,TCGGT,0.00075,2.20858
934,122.09,5032.45,TCGGT,0.00075,3.60523
935,98.2832,5032.45,TCGGT,0.00125,3.86074
936,119.285,5032.45,TCGGT,0.00125,4.88152
937,104.571,5032.45,TCGGT,0.00175,2.29017
938,131.38,5032.46,TCGGT,0.00075,1.54169
939,128.897,5032.46,TCGGT,0.00175,1.28416
940,128.923,5032.46,TCGGT,0.001,2.33394
941,111.733,5032.46,TCGGT,0.00125,2.88714
942,146.499,5032.46,TCGGT,0.001,8.73904
943,130.316,5032.46,TCGGT,0.001,2.92827
944,107.186,5032.46,TCGGT,0.00225,2.76811
945,136.025,5032.47,TCGGT,0.002,5.61795
946,110.258,5032.47,TCGGT,0.00125,2.23267
947,113.04,5032.47,TCGGT,0.00075,1.72066
948,109.661,5032.47,TCGGT,0.002,1.51906
949,95.2984,5032.47,TCGGT,0.0015,2.57869
950,92.8171,5032.47,TCGGT,0.00125,1.53174
951,134.317,5032.47,TCGGT,0.00075,1.80445
952,132.024,5032.47,TCGGT,0.001,1.38369
953,144.53,5032.48,TCGGT,0.0025,1.22656
954,135.216,5032.48,TCGGT,0.001,0.707176
955,129.132,5032.48,TCGGT,0.0015,2.17156
956,115.257,5032.48,TCGGT,0.001,1.83786
957,126.945,5032.48,TCGGT,0.00075,1.02769
958,128.275,5032.48,TCGGT,0.00125,2.40635
959,113.159,5032.48,TCGGT,0.00075,0.225539
960,117.325,5032.48,TCGGT,0.001,2.74015
961,154.07,5032.49,TCGGT,0.00175,2.86164
962,134.916,5032.49,TCGGT,0.00075,1.77597
963,122.03,5032.49,TCGGT,0.00075,0.167682
964,121.76,5032.49,TCGGT,0.0015,0.444812
965,118.494,5032.49,TCGGT,0.001,0.943402
966,109.683,5032.49,TCGGT,0.00175,1.54102
967,108.137,5032.49,TCGGT,0.00125,1.31936
968,105.548,5032.49,TCGGT,0.001,1.14429
969,111.769,5032.5,TCGGT,0.00125,2.15666
970,146.084,5032.5,TCGGT,0.00225,2.09916
971,126.225,5032.5,TCGGT,0.00075,1.80389
972,110.255,5032.5,TCGGT,0.00275,2.41943
973,116.516,5032.5,TCGGT,0.00125,0.843585
974,119.093,5032.5,TCGGT,0.00075,0.808582
975,109.803,5032.5,TCGGT,0.00075,1.97167
976,112.44,5032.5,TCGGT,0.00075,0.448524
977,111.167,5032.51,TCGGT,0.001,1.6547
978,108.245,5032.51,TCGGT,0.00075,0.146814
979,101.951,5032.51,TCGGT,0.00075,1.52572
980,103.749,5032.51,TCGGT,0.001,1.06358
981,99.5539,5032.51,TCGGT,0.00075,1.24883
982,104.109,5032.51,TCGGT,0.00175,5.24407
983,136.295,5032.51,TCGGT,0.00125,2.34477
984,140.85,5032.51,TCGGT,0.00075,0.557109
985,138.016,5032.51,TCGGT,0.00175,0.946842
986,142.408,5032.52,TCGGT,0.00075,2.75028
987,137.661,5032.52,TCGGT,0.00125,0.542178
988,138.857,5032.52,TCGGT,0.001,1.71734
989,128.803,5032.52,TCGGT,0.00075,1.32378
990,127.724,5032.52,TCGGT,0.0015,1.7145
991,135.905,5032.52,TCGGT,0.0015,1.53049
992,117.295,5032.52,TCGGT,0.0015,2.57777
993,112.56,5032.52,TCGGT,0.00075,0.528801
994,130.613,5032.52,TCGGT,0.00125,1.99734
995,124.427,5032.53,TCGGT,0.001,3.19135
996,139.591,5032.53,TCGGT,0.00075,0.339052
997,140.659,5032.53,TCGGT,0.00275,1.54745
998,118.674,5032.53,TCGGT,0.00075,0.294651
999,116.216,5032.53,TCGGT,0.00075,1.48496
1000,112.2,5032.53,TCGGT,0.0025,1.45856
