{"end": 107, "seq": ["G", "G", "G", "C", "G", "G", "C", "G", "A", "C", "C", "T", "C", "G", "C", "G", "G", "G", "T", "T", "T", "T", "C", "T", "T", "A", "T", "T", "T", "A", "T", "G", "A", "A", "G", "A", "T", "T", "T", "T", "C", "G", "G", "T", "T", "C", "G", "A", "C", "G", "T", "T", "T", "C", "C", "G", "T", "T", "C", "T", "T", "C", "T", "T", "C", "G", "T", "C", "A", "T", "A", "A", "C", "A", "A", "T", "G", "T", "T", "T", "T", "A", "T", "T", "T", "A", "A", "A", "T", "A", "C", "C", "C", "T", "C", "T", "G", "A", "A"], "pos": 0, "qname": "channel_498_e50c591e-4a63-4274-8f5c-10b43bbc1a5f_template", "len": 681, "span": 107, "query": [[0, 0, "G"], [1, 1, "G"], [2, 2, "G"], [3, 3, "C"], [4, 4, "G"], [5, 5, "G"], [6, 6, "C"], [7, 7, "G"], [8, 8, "A"], [9, 9, "C"], [10, 10, "C"], [11, 11, "T"], [12, 12, "C"], [13, 13, "G"], [14, 14, "C"], [15, 15, "G"], [16, 16, "G"], [17, 17, "G"], [18, 18, "T"], [19, 19, "T"], [20, 20, "T"], [21, 21, "T"], [22, 22, "C"], [null, 23, "G"], [23, 24, "c"], [24, 25, "T"], [25, 26, "A"], [26, 27, "T"], [27, 28, "T"], [28, 29, "T"], [29, 30, "A"], [30, 31, "T"], [31, 32, "G"], [32, 33, "A"], [33, 34, "A"], [34, 35, "a"], [35, 36, "A"], [36, 37, "T"], [37, 38, "T"], [38, 39, "T"], [39, 40, "T"], [null, 41, "C"], [40, 42, "C"], [41, 43, "G"], [42, 44, "G"], [43, 45, "T"], [44, 46, "T"], [null, 47, "T"], [null, 48, "A"], [45, 49, "a"], [46, 50, "G"], [47, 51, "g"], [48, 52, "C"], [49, 53, "G"], [50, 54, "T"], [51, 55, "T"], [52, 56, "T"], [53, 57, "C"], [54, 58, "C"], [55, 59, "G"], [56, 60, "T"], [57, 61, "T"], [58, 62, "C"], [59, 63, "T"], [60, 64, "T"], [61, 65, "C"], [62, 66, "T"], [63, 67, "T"], [64, 68, "C"], [65, 69, "G"], [66, 70, "T"], [67, 71, "C"], [68, 72, "A"], [69, 73, "T"], [70, 74, "A"], [71, 75, "A"], [72, 76, "C"], [null, 77, "T"], [null, 78, "T"], [73, 79, "A"], [74, 80, "A"], [75, 81, "T"], [76, 82, "G"], [null, 83, "T"], [77, 84, "T"], [78, 85, "T"], [79, 86, "T"], [80, 87, "T"], [81, 88, "A"], [82, 89, "T"], [83, 90, "T"], [84, 91, "T"], [null, 92, "A"], [85, 93, "A"], [86, 94, "A"], [87, 95, "A"], [88, 96, "T"], [89, 97, "A"], [90, 98, "C"], [91, 99, "C"], [92, 100, "C"], [93, 101, "T"], [94, 102, "C"], [95, 103, "T"], [96, 104, "G"], [97, 105, "A"], [98, 106, "A"]]}{"end": 26199, "seq": ["T", "A", "T", "C", "A", "T", "C", "G", "T", "C", "C", "A", "C", "T", "T", "G", "A", "A", "T", "C", "T", "A", "T", "G", "G", "T", "T", "C", "G", "T", "A", "C", "G", "T", "C", "T", "T", "A", "A", "C", "T", "C", "T", "T", "C", "A", "T", "A", "T", "T", "G", "A", "A", "A", "T", "A", "G", "G", "C", "T", "G", "A", "T", "A", "G", "G", "T", "T", "C", "C", "A", "T", "G", "T", "T", "G", "A", "A", "A", "G", "T", "T", "T", "T", "C", "A", "T", "C", "A", "C", "T", "A", "C", "T", "T", "A", "G", "T", "T", "T", "T", "T", "A", "T", "T", "A", "T", "T", "T", "A", "A", "A", "C", "C", "A", "G", "A", "G", "T", "T", "G", "T", "C", "T", "T", "T", "T", "C", "T", "G", "T", "A", "C", "T", "C", "T", "C", "T", "T", "A", "A", "A", "C", "C", "A", "A", "T", "A", "A", "A", "T", "G", "C", "T", "G", "A", "A", "A", "T", "G", "A", "A", "T", "T", "C", "T", "A", "A", "G", "C", "G", "G", "A", "A", "G", "T", "C", "G", "C", "C", "T", "G", "G", "T", "G", "A", "T", "T", "T", "C", "G", "C", "A", "A", "A", "C", "T", "A", "T", "T", "G", "C", "T", "G", "G", "C", "A", "G", "C", "A", "T", "T", "C", "T", "T", "G", "A", "G", "T", "C", "A", "A", "T", "A", "T", "A", "A", "A", "G", "T", "A", "T", "T", "G", "T", "G", "T", "A", "C", "C", "T", "T", "T", "T", "G", "C", "T", "G", "G", "G", "T", "C", "A", "G", "G"], "pos": 25931, "qname": "channel_78_d04ac7fb-ffec-47c5-9e57-3267ec58cf20_template", "len": 6707, "span": 268, "query": [[0, 25931, "T"], [1, 25932, "A"], [2, 25933, "T"], [3, 25934, "C"], [4, 25935, "A"], [5, 25936, "T"], [6, 25937, "C"], [7, 25938, "G"], [8, 25939, "T"], [9, 25940, "C"], [10, 25941, "C"], [11, 25942, "A"], [12, 25943, "C"], [13, 25944, "T"], [14, 25945, "T"], [15, 25946, "G"], [16, 25947, "A"], [17, 25948, "A"], [18, 25949, "T"], [19, 25950, "C"], [20, 25951, "T"], [21, 25952, "g"], [22, 25953, "T"], [23, 25954, "G"], [24, 25955, "G"], [25, 25956, "T"], [26, 25957, "T"], [27, 25958, "C"], [null, 25959, "A"], [28, 25960, "t"], [29, 25961, "T"], [30, 25962, "A"], [31, 25963, "C"], [32, 25964, "G"], [33, 25965, "T"], [34, 25966, "C"], [35, 25967, "T"], [36, 25968, "T"], [37, 25969, "A"], [38, 25970, "A"], [39, 25971, "C"], [40, 25972, "T"], [41, 25973, "C"], [42, 25974, "T"], [43, 25975, "T"], [44, 25976, "C"], [45, 25977, "A"], [46, 25978, "T"], [47, 25979, "A"], [48, 25980, "T"], [49, 25981, "T"], [null, 25982, "T"], [null, 25983, "A"], [50, 25984, "G"], [51, 25985, "A"], [52, 25986, "A"], [53, 25987, "A"], [54, 25988, "T"], [null, 25989, "G"], [55, 25990, "A"], [56, 25991, "G"], [57, 25992, "G"], [58, 25993, "C"], [59, 25994, "T"], [60, 25995, "G"], [61, 25996, "A"], [62, 25997, "T"], [63, 25998, "g"], [64, 25999, "a"], [65, 26000, "G"], [66, 26001, "T"], [67, 26002, "T"], [68, 26003, "C"], [69, 26004, "C"], [70, 26005, "A"], [71, 26006, "T"], [72, 26007, "a"], [73, 26008, "T"], [74, 26009, "T"], [null, 26010, "T"], [null, 26011, "G"], [75, 26012, "a"], [76, 26013, "A"], [77, 26014, "A"], [78, 26015, "A"], [79, 26016, "G"], [80, 26017, "T"], [81, 26018, "T"], [82, 26019, "T"], [83, 26020, "T"], [84, 26021, "C"], [85, 26022, "A"], [86, 26023, "T"], [87, 26024, "C"], [88, 26025, "A"], [89, 26026, "C"], [90, 26027, "T"], [91, 26028, "A"], [92, 26029, "C"], [93, 26030, "T"], [94, 26031, "T"], [95, 26032, "A"], [96, 26033, "G"], [97, 26034, "T"], [98, 26035, "T"], [99, 26036, "T"], [100, 26037, "T"], [101, 26038, "T"], [102, null, null], [103, 26039, "T"], [104, 26040, "g"], [105, 26041, "A"], [null, 26042, "T"], [null, 26043, "A"], [null, 26044, "G"], [null, 26045, "C"], [106, 26046, "T"], [107, 26047, "T"], [108, 26048, "c"], [109, 26049, "A"], [110, 26050, "A"], [111, 26051, "g"], [112, 26052, "C"], [113, 26053, "C"], [114, 26054, "A"], [115, 26055, "G"], [116, 26056, "A"], [117, 26057, "G"], [118, 26058, "T"], [119, 26059, "T"], [120, 26060, "G"], [121, 26061, "T"], [122, 26062, "C"], [123, 26063, "T"], [124, 26064, "T"], [125, 26065, "T"], [null, 26066, "T"], [null, 26067, "T"], [null, 26068, "C"], [126, 26069, "T"], [127, 26070, "a"], [128, 26071, "T"], [129, 26072, "c"], [130, 26073, "T"], [131, 26074, "A"], [132, 26075, "C"], [133, 26076, "T"], [134, 26077, "C"], [135, 26078, "T"], [136, 26079, "C"], [137, 26080, "a"], [138, 26081, "T"], [139, 26082, "A"], [null, 26083, "C"], [140, 26084, "A"], [141, 26085, "A"], [142, 26086, "C"], [143, 26087, "C"], [144, 26088, "A"], [145, 26089, "A"], [146, 26090, "T"], [147, 26091, "A"], [148, 26092, "A"], [149, 26093, "A"], [150, 26094, "T"], [151, 26095, "G"], [152, 26096, "C"], [153, 26097, "T"], [154, 26098, "G"], [155, 26099, "A"], [156, 26100, "A"], [157, 26101, "A"], [158, 26102, "T"], [159, 26103, "G"], [160, 26104, "A"], [161, 26105, "A"], [162, 26106, "T"], [163, 26107, "T"], [164, 26108, "C"], [165, 26109, "T"], [166, 26110, "A"], [167, 26111, "A"], [168, 26112, "G"], [169, 26113, "C"], [170, 26114, "G"], [171, 26115, "G"], [172, 26116, "A"], [173, 26117, "g"], [174, 26118, "a"], [175, 26119, "T"], [176, 26120, "C"], [177, 26121, "G"], [178, 26122, "C"], [179, 26123, "C"], [180, 26124, "T"], [181, 26125, "a"], [182, 26126, "G"], [183, 26127, "T"], [184, 26128, "G"], [185, 26129, "A"], [186, 26130, "T"], [187, 26131, "T"], [188, 26132, "T"], [189, null, null], [190, null, null], [191, 26133, "t"], [192, 26134, "A"], [193, 26135, "A"], [194, 26136, "A"], [195, 26137, "C"], [196, 26138, "T"], [197, 26139, "A"], [198, 26140, "T"], [199, 26141, "T"], [200, 26142, "G"], [201, 26143, "C"], [202, 26144, "T"], [203, 26145, "G"], [204, 26146, "G"], [205, 26147, "C"], [206, 26148, "A"], [207, 26149, "G"], [208, 26150, "C"], [209, 26151, "A"], [210, 26152, "T"], [211, 26153, "T"], [212, 26154, "C"], [213, 26155, "T"], [214, 26156, "T"], [215, 26157, "G"], [216, 26158, "A"], [217, 26159, "G"], [218, 26160, "T"], [null, 26161, "C"], [219, 26162, "C"], [220, 26163, "A"], [221, 26164, "A"], [222, 26165, "T"], [223, 26166, "A"], [224, 26167, "T"], [null, 26168, "A"], [225, 26169, "A"], [226, 26170, "A"], [227, 26171, "A"], [228, 26172, "G"], [229, 26173, "T"], [230, 26174, "A"], [231, 26175, "T"], [232, 26176, "T"], [233, 26177, "G"], [234, 26178, "T"], [235, 26179, "G"], [236, 26180, "T"], [237, 26181, "A"], [238, 26182, "C"], [239, 26183, "C"], [240, 26184, "T"], [241, 26185, "T"], [242, 26186, "T"], [243, 26187, "T"], [244, 26188, "G"], [245, 26189, "C"], [246, 26190, "T"], [247, 26191, "G"], [248, 26192, "G"], [249, 26193, "G"], [250, 26194, "T"], [251, 26195, "C"], [252, 26196, "A"], [253, 26197, "G"], [254, 26198, "G"]]}{"end": 26038, "seq": ["C", "C", "T", "T", "T", "C", "T", "C", "T", "C", "C", "C", "A", "T", "A", "T", "T", "G", "C", "A", "G", "T", "C", "G", "C", "C", "T", "T", "T", "G", "A", "T", "G", "G", "A", "A", "C", "T", "A", "A", "A", "T", "T", "A", "A", "T", "A", "G", "G", "C", "A", "T", "C", "A", "C", "C", "G", "A", "A", "A", "T", "T", "C", "A", "G", "G", "A", "T", "A", "A", "T", "G", "T", "A", "C", "G", "T", "A", "G", "G", "A", "G", "A", "A", "A", "A", "T", "G", "A", "T", "C", "T", "A", "T", "T", "T", "T", "G", "T", "C", "T", "G", "T", "C", "T", "A", "T", "A", "C", "T", "A", "A", "A", "A", "T", "G", "G", "A", "C", "A", "T", "T", "T", "T", "C", "A", "C", "C", "T", "G", "A", "T", "A", "G", "A", "A", "A", "T", "A", "A", "T", "A", "T", "A", "A", "T", "A", "A", "T", "A", "A", "T", "A", "T", "G", "T", "T", "C", "T", "A", "G", "C", "A", "G", "G", "T", "T", "T", "G", "T", "T", "T", "A", "T", "C", "T", "C", "G", "G", "A", "G", "A", "T", "T", "A", "T", "T", "T", "C", "C", "A", "T", "A", "A", "A", "C", "T", "T", "T", "C", "T", "A", "A", "T", "T", "T", "A", "A", "C", "T", "T", "T", "G", "T", "C", "G", "G", "T", "A", "C", "C", "A", "A", "C", "T", "A", "C", "T", "A", "A", "G", "G", "T", "T", "G", "C", "C", "A", "A", "A", "T", "A", "A", "G", "G", "G", "T", "G", "T", "G", "T", "C", "C", "T", "G", "T", "C", "G", "T", "A", "G", "G", "T", "A", "A", "A", "T", "A", "A", "C", "T", "T", "G", "G", "C", "T", "A", "T", "C", "A", "G", "G", "C", "A", "A", "T", "A", "T", "T", "A", "T", "A", "T", "T", "G", "T", "T", "G", "T", "T", "C", "T", "T", "T", "C", "T", "G", "C", "A", "A", "A", "A", "G", "T", "G", "A", "A", "G", "T", "A", "G", "T", "A", "A", "T", "G", "A", "A", "A", "T", "T", "G", "C", "T", "A", "A", "C", "A", "T", "T", "T", "A", "T", "C", "A", "T", "C", "A", "T", "A", "C", "G", "C", "T", "G", "A", "C", "A", "T", "T", "T", "A", "T", "T", "A", "A", "G", "C", "A", "T", "T", "T", "C", "T", "T", "A", "T", "A", "A", "G", "T", "T", "C", "T", "C", "G", "C", "T", "G", "G", "A", "A", "G", "A", "G", "T", "G", "A", "T", "T", "T", "T", "C", "A", "T", "T", "G", "T", "A", "C", "T", "T", "T", "A", "C", "C", "T", "T", "C", "A", "T", "C", "T", "C", "T", "G", "T", "T", "C", "A", "T", "T", "A", "T", "C", "A", "T", "C", "G", "C", "T", "T", "T", "A", "A", "A", "A", "C", "G", "G", "T", "T", "C", "G", "T", "G", "C", "T", "A", "A", "A", "T", "C", "C", "T", "A", "T", "C", "T", "G", "A", "C", "C", "A", "T", "T", "A", "T", "A", "T", "T", "T", "T", "T", "G", "A", "A", "T", "G", "G", "T", "T", "T", "C", "A", "T", "G", "A", "A", "A", "A", "C", "T", "C", "T", "G", "A", "A", "T", "C", "A", "A", "C", "G", "G", "T", "T", "C", "A", "C", "G", "C", "G", "A", "T", "A", "A", "T", "A", "G", "G", "T", "G", "G", "T", "G", "G", "T", "A", "T", "G", "T", "C", "A", "G", "A", "A", "T", "T", "T", "G", "T", "C", "A", "C", "T", "T", "C", "A", "G", "T", "A", "A", "A", "A", "C", "A", "C", "C", "T", "C", "G", "G", "T", "T", "A", "A", "A", "A", "C", "A", "C", "C", "T", "A", "A", "G", "T", "T", "C", "T", "C", "A", "C", "G", "A", "A", "T", "G", "T", "C", "T", "C", "A", "A", "T", "A", "T", "C", "G", "G", "A", "C", "A", "G", "A", "T", "G", "T", "G", "T", "T", "A", "T", "T", "A", "T", "A", "T", "A", "T", "G", "A", "T", "G", "T", "G", "G", "T", "T", "T", "C", "C", "T", "T", "T", "G", "A", "T", "T", "T", "T", "G", "G", "A", "A", "C", "C", "T", "C", "T", "T", "G", "C", "A", "G", "A", "G", "T", "A", "C", "T", "A", "C", "T", "G", "G", "G", "A", "A", "T", "G", "A", "G", "T", "T", "G", "C", "A", "A", "T", "T", "A", "A", "T", "A", "C", "T", "A", "C", "G", "T", "G", "C", "A", "T", "T", "G", "C", "A", "T", "C", "A", "G", "T", "A", "G", "A", "T", "C", "A", "C", "T", "T", "A", "A", "T", "G", "T", "T", "C", "C", "T", "T", "A", "A", "A", "A", "A", "G", "C", "G", "A", "G", "C", "A", "A", "A", "A", "G", "G", "T", "G", "G", "A", "T", "G", "C", "A", "G", "A", "T", "G", "A", "A", "C", "C", "T", "C", "T", "A", "G", "T", "T", "C", "A", "T", "C", "A", "G", "A", "T", "A", "A", "A", "A", "C", "A", "A", "T", "G", "A", "C", "T", "T", "T", "T", "C", "T", "T", "A", "A", "C", "G", "A", "C", "A", "T", "C", "T", "A", "C", "T", "A", "A", "T", "C", "T", "T", "G", "T", "G", "A", "T", "A", "T", "C", "A", "G", "A", "A", "A", "C", "A", "A", "T", "T", "G", "C", "A", "T", "G", "T", "A", "G", "A", "G", "C", "T", "C", "A", "T", "T", "C", "A", "A", "G", "C", "A", "G", "T", "A", "T", "T", "T", "A", "A", "G", "A", "T", "A", "T", "T", "G", "T", "C", "C", "T", "T", "A", "A", "A", "A", "C", "A", "A", "T", "T", "T", "G", "A", "A", "T", "T", "T", "A", "T", "C", "A", "T", "C", "G", "T", "C", "C", "A", "C", "T", "T", "G", "A", "A", "T", "C", "T", "G", "T", "A", "G", "T", "T", "C", "A", "T", "T", "G", "C", "G", "T", "C", "T", "T", "A", "A", "C", "T", "C", "T", "T", "C", "A", "T", "A", "T", "T", "T", "A", "A", "G", "T", "A", "A", "T", "T", "T", "G", "A", "T", "G", "A", "G", "T", "T", "C", "C", "A", "T", "A", "T", "T", "T", "G", "A", "A", "A", "G", "A", "T", "T", "T", "T", "C", "A", "T", "C", "A", "C", "T", "G", "C", "T", "T", "A", "G", "T", "T", "T", "T"], "pos": 24944, "qname": "channel_303_b9c1f013-c22b-4253-b55e-0abbba9ab368_template", "len": 9196, "span": 1094, "query": [[0, 24944, "C"], [1, 24945, "C"], [2, 24946, "T"], [3, 24947, "T"], [4, 24948, "T"], [5, 24949, "C"], [6, 24950, "T"], [7, 24951, "C"], [8, 24952, "T"], [9, 24953, "C"], [10, 24954, "C"], [11, 24955, "C"], [12, 24956, "A"], [13, 24957, "T"], [14, 24958, "A"], [15, 24959, "T"], [16, 24960, "T"], [17, 24961, "G"], [18, 24962, "C"], [19, 24963, "A"], [20, 24964, "G"], [21, 24965, "T"], [22, 24966, "C"], [23, 24967, "G"], [24, 24968, "C"], [null, 24969, "G"], [null, 24970, "G"], [null, 24971, "C"], [null, 24972, "A"], [25, 24973, "C"], [26, null, null], [27, null, null], [28, null, null], [29, 24974, "G"], [30, 24975, "A"], [31, 24976, "T"], [32, 24977, "G"], [33, 24978, "G"], [34, 24979, "A"], [35, 24980, "A"], [36, 24981, "C"], [37, 24982, "T"], [38, 24983, "A"], [39, 24984, "A"], [40, 24985, "A"], [41, 24986, "T"], [42, 24987, "T"], [43, 24988, "A"], [44, 24989, "A"], [45, 24990, "T"], [46, 24991, "A"], [47, 24992, "G"], [48, 24993, "G"], [49, 24994, "C"], [50, 24995, "A"], [51, 24996, "T"], [52, 24997, "C"], [53, 24998, "A"], [54, 24999, "C"], [55, 25000, "C"], [56, 25001, "G"], [null, 25002, "A"], [57, 25003, "A"], [58, 25004, "A"], [59, 25005, "A"], [60, 25006, "T"], [61, 25007, "T"], [62, 25008, "C"], [63, 25009, "A"], [64, 25010, "G"], [65, 25011, "G"], [66, 25012, "A"], [67, 25013, "T"], [68, 25014, "A"], [69, 25015, "A"], [70, 25016, "T"], [71, 25017, "G"], [72, 25018, "T"], [73, 25019, "g"], [74, 25020, "C"], [null, 25021, "A"], [75, 25022, "a"], [76, 25023, "T"], [77, 25024, "A"], [78, 25025, "G"], [79, 25026, "G"], [null, 25027, "A"], [80, 25028, "A"], [81, 25029, "G"], [82, 25030, "A"], [83, 25031, "A"], [84, 25032, "A"], [85, 25033, "A"], [86, 25034, "T"], [87, 25035, "G"], [88, 25036, "A"], [89, 25037, "T"], [90, 25038, "C"], [91, 25039, "T"], [92, 25040, "A"], [null, 25041, "T"], [null, 25042, "A"], [null, 25043, "T"], [null, 25044, "T"], [93, 25045, "T"], [94, 25046, "T"], [95, 25047, "T"], [96, 25048, "T"], [97, 25049, "G"], [98, 25050, "T"], [99, 25051, "C"], [100, 25052, "T"], [101, 25053, "G"], [102, 25054, "T"], [null, 25055, "C"], [103, 25056, "C"], [104, 25057, "T"], [105, 25058, "A"], [106, 25059, "T"], [107, 25060, "A"], [108, null, null], [109, 25061, "T"], [null, 25062, "C"], [null, 25063, "A"], [null, 25064, "C"], [null, 25065, "C"], [null, 25066, "A"], [null, 25067, "C"], [110, 25068, "A"], [111, 25069, "A"], [112, 25070, "A"], [113, 25071, "A"], [114, 25072, "T"], [115, 25073, "G"], [116, 25074, "G"], [117, 25075, "A"], [118, 25076, "C"], [119, 25077, "A"], [null, 25078, "T"], [120, 25079, "T"], [121, 25080, "T"], [122, 25081, "T"], [123, 25082, "T"], [124, 25083, "C"], [125, 25084, "A"], [126, 25085, "C"], [127, 25086, "C"], [128, 25087, "T"], [129, 25088, "G"], [130, 25089, "A"], [131, 25090, "T"], [132, null, null], [133, 25091, "G"], [134, 25092, "A"], [135, 25093, "A"], [136, 25094, "A"], [137, 25095, "c"], [138, 25096, "A"], [null, 25097, "A"], [null, 25098, "G"], [null, 25099, "C"], [139, 25100, "A"], [140, 25101, "T"], [141, 25102, "g"], [142, 25103, "T"], [143, 25104, "c"], [144, 25105, "A"], [145, 25106, "T"], [146, 25107, "c"], [147, 25108, "g"], [148, 25109, "T"], [149, 25110, "A"], [150, 25111, "A"], [151, 25112, "T"], [152, 25113, "A"], [153, 25114, "T"], [154, 25115, "G"], [155, 25116, "T"], [156, 25117, "T"], [157, 25118, "C"], [158, 25119, "T"], [159, 25120, "A"], [160, 25121, "G"], [161, 25122, "C"], [162, 25123, "g"], [163, 25124, "G"], [164, 25125, "G"], [165, 25126, "T"], [166, 25127, "T"], [167, 25128, "T"], [168, 25129, "G"], [null, 25130, "T"], [null, 25131, "T"], [169, 25132, "T"], [170, 25133, "T"], [171, 25134, "T"], [172, 25135, "A"], [173, 25136, "T"], [174, 25137, "C"], [175, 25138, "T"], [176, 25139, "C"], [177, 25140, "G"], [178, 25141, "G"], [179, 25142, "A"], [180, 25143, "G"], [181, 25144, "A"], [182, 25145, "T"], [183, 25146, "T"], [184, 25147, "A"], [185, 25148, "T"], [186, 25149, "T"], [187, 25150, "T"], [188, 25151, "t"], [189, 25152, "C"], [190, 25153, "A"], [191, 25154, "T"], [192, 25155, "A"], [193, 25156, "A"], [194, 25157, "A"], [null, 25158, "G"], [null, 25159, "C"], [195, 25160, "t"], [196, 25161, "T"], [197, 25162, "T"], [198, 25163, "T"], [199, 25164, "C"], [200, 25165, "T"], [201, 25166, "A"], [202, 25167, "A"], [203, 25168, "T"], [204, 25169, "T"], [205, 25170, "T"], [206, 25171, "A"], [207, 25172, "A"], [null, 25173, "C"], [208, 25174, "C"], [209, 25175, "T"], [210, 25176, "T"], [211, 25177, "T"], [212, 25178, "G"], [213, 25179, "T"], [214, 25180, "C"], [null, 25181, "A"], [null, 25182, "G"], [215, 25183, "G"], [216, 25184, "t"], [217, 25185, "T"], [218, 25186, "A"], [219, 25187, "C"], [220, 25188, "C"], [221, 25189, "A"], [222, 25190, "A"], [223, 25191, "C"], [224, 25192, "T"], [225, 25193, "A"], [226, 25194, "C"], [227, 25195, "T"], [228, 25196, "A"], [229, 25197, "A"], [230, 25198, "G"], [231, 25199, "G"], [232, 25200, "T"], [233, 25201, "T"], [234, 25202, "G"], [235, null, null], [236, null, null], [237, null, null], [238, null, null], [239, null, null], [240, 25203, "T"], [241, 25204, "A"], [null, 25205, "G"], [null, 25206, "G"], [null, 25207, "C"], [null, 25208, "T"], [null, 25209, "C"], [null, 25210, "A"], [null, 25211, "A"], [null, 25212, "G"], [242, 25213, "A"], [243, 25214, "G"], [244, 25215, "G"], [245, 25216, "G"], [246, 25217, "T"], [247, 25218, "G"], [248, 25219, "T"], [249, 25220, "G"], [250, 25221, "T"], [251, 25222, "C"], [252, 25223, "C"], [253, 25224, "T"], [254, 25225, "G"], [255, 25226, "T"], [256, 25227, "C"], [257, 25228, "G"], [258, 25229, "T"], [259, 25230, "A"], [260, 25231, "G"], [261, 25232, "G"], [262, 25233, "T"], [263, 25234, "A"], [264, 25235, "A"], [265, 25236, "A"], [266, 25237, "T"], [267, 25238, "A"], [268, 25239, "A"], [269, 25240, "C"], [270, 25241, "T"], [271, 25242, "g"], [272, 25243, "a"], [273, 25244, "c"], [274, 25245, "C"], [275, 25246, "T"], [276, 25247, "g"], [277, 25248, "T"], [278, 25249, "C"], [279, 25250, "g"], [280, 25251, "a"], [281, 25252, "G"], [282, 25253, "C"], [null, 25254, "T"], [null, 25255, "T"], [283, 25256, "A"], [284, 25257, "A"], [285, 25258, "T"], [286, 25259, "A"], [287, 25260, "T"], [null, 25261, "T"], [null, 25262, "C"], [288, 25263, "T"], [289, 25264, "A"], [290, 25265, "T"], [291, 25266, "A"], [292, 25267, "T"], [293, 25268, "T"], [294, 25269, "G"], [295, 25270, "T"], [296, 25271, "T"], [297, 25272, "G"], [298, 25273, "T"], [299, 25274, "T"], [300, 25275, "C"], [301, 25276, "T"], [302, 25277, "T"], [303, 25278, "T"], [304, 25279, "C"], [305, 25280, "T"], [306, 25281, "G"], [307, 25282, "C"], [308, 25283, "A"], [309, 25284, "A"], [310, 25285, "A"], [311, 25286, "A"], [null, 25287, "A"], [null, 25288, "A"], [null, 25289, "G"], [null, 25290, "T"], [null, 25291, "G"], [312, 25292, "G"], [313, 25293, "g"], [314, 25294, "G"], [315, 25295, "A"], [316, 25296, "A"], [317, 25297, "G"], [318, 25298, "T"], [null, 25299, "G"], [319, 25300, "A"], [320, 25301, "G"], [321, 25302, "T"], [322, 25303, "A"], [323, 25304, "A"], [324, 25305, "T"], [325, 25306, "G"], [326, 25307, "A"], [327, 25308, "A"], [null, 25309, "A"], [null, 25310, "T"], [null, 25311, "T"], [328, 25312, "A"], [329, 25313, "T"], [330, 25314, "T"], [331, 25315, "t"], [332, 25316, "C"], [333, 25317, "T"], [334, 25318, "A"], [335, 25319, "A"], [336, 25320, "C"], [337, 25321, "A"], [338, 25322, "T"], [339, 25323, "T"], [340, 25324, "T"], [341, 25325, "A"], [342, 25326, "T"], [null, 25327, "C"], [null, 25328, "T"], [null, 25329, "G"], [343, 25330, "C"], [344, 25331, "A"], [345, 25332, "T"], [346, 25333, "C"], [347, 25334, "A"], [348, 25335, "T"], [349, 25336, "A"], [350, 25337, "C"], [351, null, null], [352, 25338, "C"], [353, 25339, "T"], [null, 25340, "T"], [null, 25341, "C"], [null, 25342, "C"], [354, 25343, "G"], [355, 25344, "A"], [null, 25345, "G"], [356, 25346, "C"], [357, 25347, "A"], [358, 25348, "T"], [359, 25349, "T"], [360, 25350, "T"], [361, 25351, "A"], [362, 25352, "T"], [363, 25353, "T"], [364, 25354, "A"], [365, 25355, "A"], [366, 25356, "G"], [367, 25357, "C"], [368, 25358, "A"], [369, 25359, "T"], [370, 25360, "T"], [371, 25361, "T"], [372, 25362, "C"], [null, 25363, "G"], [373, 25364, "c"], [374, 25365, "T"], [375, 25366, "A"], [376, 25367, "T"], [377, 25368, "A"], [378, 25369, "A"], [379, 25370, "G"], [380, 25371, "T"], [381, 25372, "T"], [382, 25373, "C"], [383, 25374, "T"], [384, 25375, "C"], [385, 25376, "G"], [386, 25377, "C"], [387, 25378, "T"], [388, 25379, "G"], [389, 25380, "G"], [390, 25381, "A"], [391, 25382, "A"], [392, 25383, "G"], [393, 25384, "A"], [394, 25385, "G"], [395, 25386, "g"], [396, 25387, "t"], [397, 25388, "A"], [null, 25389, "G"], [null, 25390, "T"], [null, 25391, "T"], [398, 25392, "T"], [399, 25393, "T"], [400, 25394, "T"], [401, 25395, "T"], [402, 25396, "C"], [403, 25397, "A"], [404, 25398, "T"], [405, 25399, "T"], [406, 25400, "G"], [407, 25401, "T"], [408, 25402, "A"], [409, 25403, "C"], [410, 25404, "T"], [411, 25405, "T"], [412, 25406, "T"], [413, 25407, "A"], [414, 25408, "C"], [415, 25409, "C"], [416, 25410, "T"], [417, 25411, "T"], [418, 25412, "C"], [419, 25413, "A"], [420, 25414, "T"], [421, 25415, "C"], [422, 25416, "T"], [423, 25417, "C"], [424, 25418, "T"], [425, 25419, "G"], [426, 25420, "T"], [427, 25421, "T"], [428, 25422, "C"], [429, 25423, "A"], [430, 25424, "T"], [431, 25425, "T"], [432, 25426, "A"], [433, 25427, "T"], [434, 25428, "C"], [435, 25429, "A"], [436, 25430, "T"], [437, 25431, "C"], [438, 25432, "G"], [439, 25433, "C"], [null, 25434, "T"], [440, 25435, "T"], [441, 25436, "T"], [442, 25437, "T"], [443, 25438, "A"], [444, 25439, "A"], [445, 25440, "A"], [446, 25441, "A"], [447, 25442, "C"], [448, 25443, "G"], [449, 25444, "G"], [450, 25445, "T"], [451, 25446, "T"], [452, 25447, "C"], [453, 25448, "G"], [null, 25449, "A"], [null, 25450, "C"], [null, 25451, "C"], [454, 25452, "T"], [455, 25453, "t"], [456, 25454, "C"], [457, 25455, "T"], [458, null, null], [459, 25456, "A"], [460, 25457, "A"], [461, 25458, "T"], [462, 25459, "C"], [463, 25460, "C"], [464, 25461, "T"], [465, 25462, "A"], [466, 25463, "T"], [467, 25464, "C"], [468, 25465, "T"], [469, 25466, "G"], [470, 25467, "A"], [471, 25468, "C"], [472, 25469, "C"], [473, 25470, "A"], [474, 25471, "T"], [475, 25472, "T"], [476, 25473, "A"], [477, 25474, "T"], [478, 25475, "A"], [null, 25476, "A"], [null, 25477, "T"], [null, 25478, "T"], [479, 25479, "T"], [480, 25480, "T"], [481, 25481, "T"], [482, 25482, "T"], [483, 25483, "a"], [484, 25484, "G"], [485, 25485, "A"], [486, 25486, "A"], [487, 25487, "T"], [488, 25488, "G"], [489, 25489, "G"], [490, 25490, "T"], [491, 25491, "T"], [492, 25492, "T"], [493, 25493, "C"], [494, 25494, "A"], [495, 25495, "T"], [null, 25496, "A"], [null, 25497, "A"], [496, 25498, "G"], [497, 25499, "A"], [498, 25500, "A"], [499, 25501, "A"], [500, 25502, "g"], [501, 25503, "C"], [502, 25504, "T"], [503, 25505, "C"], [504, 25506, "T"], [505, 25507, "G"], [506, 25508, "A"], [507, 25509, "A"], [508, 25510, "T"], [509, 25511, "C"], [510, 25512, "A"], [511, 25513, "A"], [512, 25514, "C"], [513, 25515, "G"], [514, 25516, "G"], [515, null, null], [516, null, null], [517, null, null], [518, 25517, "A"], [519, 25518, "C"], [null, 25519, "T"], [520, 25520, "G"], [521, 25521, "C"], [522, 25522, "G"], [523, 25523, "A"], [524, 25524, "T"], [525, 25525, "A"], [526, 25526, "A"], [527, 25527, "T"], [528, 25528, "A"], [529, 25529, "a"], [530, 25530, "G"], [531, 25531, "T"], [532, 25532, "G"], [533, 25533, "G"], [534, 25534, "T"], [535, 25535, "G"], [536, 25536, "G"], [537, 25537, "T"], [538, 25538, "A"], [539, 25539, "T"], [540, null, null], [541, 25540, "c"], [542, 25541, "C"], [543, 25542, "A"], [544, 25543, "G"], [545, 25544, "A"], [546, 25545, "A"], [547, 25546, "T"], [548, 25547, "T"], [549, 25548, "T"], [550, 25549, "G"], [551, 25550, "T"], [552, 25551, "C"], [553, 25552, "A"], [554, 25553, "C"], [555, 25554, "T"], [556, 25555, "T"], [557, 25556, "C"], [null, 25557, "A"], [558, 25558, "A"], [559, 25559, "G"], [560, 25560, "T"], [null, 25561, "A"], [561, 25562, "A"], [562, 25563, "A"], [563, 25564, "A"], [564, 25565, "A"], [565, 25566, "C"], [566, 25567, "A"], [567, 25568, "C"], [568, 25569, "C"], [569, 25570, "T"], [570, 25571, "C"], [null, 25572, "A"], [null, 25573, "C"], [null, 25574, "G"], [571, 25575, "a"], [572, 25576, "G"], [573, 25577, "T"], [574, 25578, "T"], [575, 25579, "A"], [576, 25580, "A"], [577, 25581, "A"], [578, 25582, "A"], [579, 25583, "C"], [580, 25584, "A"], [581, 25585, "C"], [582, 25586, "C"], [583, 25587, "T"], [584, 25588, "A"], [585, 25589, "A"], [586, 25590, "G"], [587, 25591, "T"], [588, 25592, "T"], [589, 25593, "C"], [590, 25594, "T"], [591, 25595, "C"], [592, 25596, "A"], [null, 25597, "C"], [593, 25598, "C"], [594, 25599, "G"], [595, 25600, "A"], [596, 25601, "A"], [597, 25602, "T"], [598, 25603, "G"], [599, 25604, "T"], [600, 25605, "C"], [601, 25606, "T"], [602, 25607, "C"], [603, 25608, "A"], [604, 25609, "A"], [605, 25610, "T"], [606, 25611, "A"], [607, 25612, "T"], [null, 25613, "C"], [608, 25614, "C"], [609, 25615, "G"], [610, 25616, "G"], [611, 25617, "A"], [612, 25618, "C"], [613, 25619, "g"], [614, 25620, "G"], [615, 25621, "A"], [616, null, null], [617, null, null], [618, null, null], [619, null, null], [620, null, null], [621, 25622, "T"], [622, 25623, "A"], [623, 25624, "a"], [624, 25625, "T"], [625, 25626, "A"], [626, 25627, "T"], [627, 25628, "t"], [628, 25629, "T"], [629, 25630, "A"], [630, 25631, "T"], [631, null, null], [632, null, null], [633, null, null], [634, null, null], [635, 25632, "T"], [636, 25633, "G"], [637, 25634, "c"], [638, 25635, "T"], [639, 25636, "T"], [null, 25637, "C"], [640, 25638, "T"], [641, 25639, "C"], [null, 25640, "T"], [null, 25641, "T"], [null, 25642, "G"], [null, 25643, "A"], [null, 25644, "C"], [null, 25645, "C"], [null, 25646, "G"], [null, 25647, "T"], [null, 25648, "A"], [null, 25649, "G"], [null, 25650, "G"], [null, 25651, "A"], [642, 25652, "C"], [643, 25653, "T"], [644, 25654, "T"], [645, 25655, "T"], [null, 25656, "C"], [null, 25657, "C"], [null, 25658, "A"], [null, 25659, "C"], [null, 25660, "A"], [null, 25661, "T"], [null, 25662, "G"], [null, 25663, "C"], [null, 25664, "A"], [null, 25665, "G"], [646, 25666, "G"], [647, 25667, "A"], [648, 25668, "T"], [649, 25669, "T"], [650, 25670, "T"], [651, 25671, "T"], [652, 25672, "G"], [653, 25673, "G"], [654, 25674, "A"], [655, 25675, "A"], [656, 25676, "C"], [657, 25677, "C"], [658, 25678, "T"], [659, 25679, "C"], [660, 25680, "T"], [661, 25681, "T"], [662, 25682, "G"], [663, 25683, "C"], [664, null, null], [665, null, null], [666, 25684, "A"], [667, 25685, "G"], [668, 25686, "T"], [669, 25687, "A"], [670, 25688, "C"], [671, 25689, "T"], [672, 25690, "A"], [673, 25691, "C"], [674, 25692, "T"], [null, 25693, "G"], [675, 25694, "G"], [676, 25695, "G"], [677, 25696, "G"], [678, 25697, "A"], [679, 25698, "A"], [680, 25699, "T"], [681, 25700, "G"], [682, 25701, "A"], [683, 25702, "G"], [684, 25703, "T"], [685, 25704, "T"], [686, 25705, "G"], [687, 25706, "C"], [688, 25707, "A"], [689, 25708, "A"], [690, 25709, "T"], [691, 25710, "T"], [692, 25711, "A"], [693, 25712, "t"], [694, 25713, "T"], [695, 25714, "g"], [696, 25715, "C"], [697, 25716, "T"], [698, 25717, "A"], [null, 25718, "C"], [null, 25719, "A"], [null, 25720, "C"], [null, 25721, "C"], [null, 25722, "A"], [null, 25723, "T"], [null, 25724, "T"], [null, 25725, "G"], [699, 25726, "C"], [700, 25727, "G"], [701, 25728, "T"], [702, 25729, "G"], [703, 25730, "C"], [704, 25731, "A"], [705, 25732, "T"], [706, 25733, "c"], [707, 25734, "G"], [708, null, null], [709, null, null], [710, null, null], [711, null, null], [712, 25735, "A"], [713, 25736, "G"], [714, 25737, "T"], [715, 25738, "A"], [716, 25739, "a"], [717, 25740, "g"], [718, 25741, "T"], [719, 25742, "C"], [720, 25743, "g"], [721, 25744, "C"], [722, 25745, "T"], [723, 25746, "T"], [724, 25747, "A"], [725, 25748, "A"], [726, 25749, "T"], [727, 25750, "G"], [728, 25751, "T"], [729, 25752, "T"], [730, 25753, "C"], [731, 25754, "g"], [732, 25755, "T"], [733, 25756, "a"], [734, 25757, "A"], [735, 25758, "A"], [736, 25759, "A"], [737, 25760, "A"], [738, 25761, "A"], [739, 25762, "G"], [740, 25763, "C"], [null, 25764, "A"], [null, 25765, "G"], [null, 25766, "A"], [741, 25767, "G"], [742, 25768, "A"], [743, 25769, "G"], [744, 25770, "C"], [745, null, null], [746, 25771, "A"], [747, 25772, "A"], [748, 25773, "A"], [749, 25774, "G"], [750, 25775, "G"], [751, 25776, "T"], [752, 25777, "G"], [753, 25778, "G"], [754, 25779, "A"], [755, 25780, "T"], [756, 25781, "G"], [757, 25782, "C"], [758, 25783, "A"], [759, 25784, "G"], [760, 25785, "A"], [761, 25786, "T"], [762, 25787, "G"], [763, 25788, "A"], [764, 25789, "A"], [765, 25790, "C"], [766, 25791, "C"], [767, 25792, "T"], [768, 25793, "C"], [769, 25794, "T"], [770, 25795, "g"], [771, 25796, "G"], [772, 25797, "T"], [773, 25798, "T"], [774, 25799, "C"], [775, 25800, "A"], [776, 25801, "T"], [777, 25802, "C"], [778, 25803, "g"], [779, 25804, "a"], [780, 25805, "A"], [781, 25806, "T"], [782, 25807, "A"], [783, 25808, "A"], [784, 25809, "A"], [785, 25810, "A"], [786, 25811, "C"], [null, 25812, "T"], [787, 25813, "A"], [788, 25814, "A"], [789, 25815, "T"], [790, 25816, "G"], [791, 25817, "A"], [792, 25818, "C"], [793, 25819, "T"], [794, 25820, "T"], [795, 25821, "T"], [796, 25822, "T"], [797, 25823, "C"], [null, 25824, "G"], [798, 25825, "c"], [799, 25826, "c"], [800, 25827, "A"], [801, 25828, "A"], [802, 25829, "C"], [803, 25830, "G"], [804, 25831, "A"], [805, 25832, "C"], [806, 25833, "A"], [807, 25834, "T"], [808, 25835, "C"], [809, 25836, "T"], [810, 25837, "A"], [811, 25838, "C"], [812, 25839, "T"], [813, 25840, "A"], [814, 25841, "A"], [815, 25842, "T"], [816, 25843, "C"], [817, 25844, "T"], [818, 25845, "T"], [819, 25846, "G"], [820, 25847, "T"], [821, 25848, "G"], [822, 25849, "A"], [823, 25850, "T"], [824, 25851, "A"], [825, 25852, "g"], [826, 25853, "t"], [827, 25854, "A"], [null, 25855, "A"], [null, 25856, "A"], [null, 25857, "T"], [828, 25858, "a"], [829, 25859, "A"], [830, 25860, "A"], [831, 25861, "A"], [832, 25862, "C"], [833, 25863, "A"], [834, 25864, "A"], [835, 25865, "T"], [836, 25866, "T"], [837, 25867, "G"], [838, 25868, "C"], [839, 25869, "A"], [840, 25870, "T"], [841, 25871, "G"], [842, 25872, "T"], [null, 25873, "C"], [null, 25874, "C"], [843, 25875, "A"], [844, 25876, "G"], [845, 25877, "A"], [846, 25878, "G"], [847, 25879, "C"], [848, 25880, "T"], [849, 25881, "C"], [850, 25882, "A"], [851, 25883, "T"], [852, 25884, "T"], [853, 25885, "C"], [null, 25886, "G"], [854, 25887, "A"], [855, 25888, "A"], [856, 25889, "G"], [857, 25890, "C"], [858, 25891, "A"], [859, 25892, "G"], [null, 25893, "A"], [860, 25894, "T"], [861, 25895, "A"], [862, 25896, "T"], [863, 25897, "T"], [864, 25898, "T"], [null, 25899, "C"], [865, 25900, "t"], [866, 25901, "g"], [867, 25902, "G"], [868, 25903, "A"], [869, 25904, "T"], [870, 25905, "A"], [871, 25906, "T"], [872, 25907, "T"], [873, 25908, "G"], [874, 25909, "T"], [875, null, null], [876, 25910, "C"], [877, 25911, "a"], [878, 25912, "T"], [879, 25913, "A"], [880, 25914, "A"], [881, 25915, "A"], [882, 25916, "A"], [883, 25917, "C"], [884, 25918, "A"], [885, 25919, "A"], [886, 25920, "T"], [887, 25921, "T"], [null, 25922, "T"], [null, 25923, "A"], [null, 25924, "G"], [888, 25925, "T"], [889, 25926, "G"], [890, 25927, "A"], [891, 25928, "A"], [892, 25929, "T"], [893, 25930, "T"], [894, 25931, "T"], [895, 25932, "A"], [896, 25933, "T"], [897, 25934, "C"], [898, 25935, "A"], [899, 25936, "T"], [900, 25937, "C"], [901, 25938, "G"], [902, 25939, "T"], [903, 25940, "C"], [904, 25941, "C"], [905, 25942, "A"], [906, 25943, "C"], [907, 25944, "T"], [908, 25945, "T"], [909, 25946, "G"], [910, 25947, "A"], [911, 25948, "A"], [912, 25949, "T"], [913, 25950, "C"], [914, 25951, "T"], [915, 25952, "G"], [916, 25953, "T"], [917, 25954, "g"], [918, 25955, "G"], [919, 25956, "T"], [920, 25957, "T"], [921, 25958, "C"], [922, 25959, "A"], [923, 25960, "T"], [924, 25961, "T"], [925, 25962, "a"], [926, 25963, "C"], [927, 25964, "G"], [928, 25965, "T"], [929, 25966, "C"], [930, 25967, "T"], [931, 25968, "T"], [932, 25969, "A"], [933, 25970, "A"], [934, 25971, "C"], [935, 25972, "T"], [936, 25973, "C"], [937, 25974, "T"], [938, 25975, "T"], [939, 25976, "C"], [940, 25977, "A"], [941, 25978, "T"], [942, 25979, "A"], [943, 25980, "T"], [944, 25981, "T"], [945, 25982, "T"], [946, null, null], [947, 25983, "A"], [948, 25984, "G"], [949, 25985, "a"], [950, 25986, "A"], [951, 25987, "A"], [952, 25988, "T"], [null, 25989, "G"], [null, 25990, "A"], [null, 25991, "G"], [null, 25992, "G"], [953, 25993, "c"], [954, 25994, "T"], [955, 25995, "G"], [956, 25996, "A"], [957, 25997, "T"], [958, 25998, "G"], [959, 25999, "A"], [960, 26000, "G"], [961, 26001, "T"], [962, 26002, "T"], [963, 26003, "C"], [964, 26004, "C"], [965, 26005, "A"], [966, 26006, "T"], [967, 26007, "A"], [968, 26008, "T"], [969, 26009, "T"], [970, 26010, "T"], [971, 26011, "G"], [972, 26012, "A"], [973, 26013, "A"], [974, 26014, "A"], [975, 26015, "a"], [976, 26016, "g"], [977, 26017, "T"], [978, 26018, "T"], [979, 26019, "T"], [980, 26020, "T"], [981, 26021, "C"], [982, 26022, "A"], [983, 26023, "T"], [984, 26024, "C"], [985, 26025, "A"], [986, 26026, "C"], [987, 26027, "T"], [988, 26028, "a"], [989, 26029, "C"], [990, 26030, "T"], [991, 26031, "T"], [992, 26032, "A"], [993, 26033, "G"], [994, 26034, "T"], [995, 26035, "T"], [996, 26036, "T"], [997, 26037, "T"]]}